domain,keyword,search_engine,rank,discovered_at,source_url
getb8.us,online gambling,duckduckgo_html,1,2026-08-07T15:41:15.253081+00:00,https://getb8.us/online-casinos/
gamblingchooser.com,online gambling,duckduckgo_html,2,2026-08-07T15:41:15.253081+00:00,https://gamblingchooser.com/
getbets.us,online gambling,duckduckgo_html,3,2026-08-07T15:41:15.253081+00:00,https://getbets.us/casinos/
gamblingmeter.net,online gambling,duckduckgo_html,4,2026-08-07T15:41:15.253081+00:00,https://gamblingmeter.net/
gamblingsage.org,online gambling,duckduckgo_html,5,2026-08-07T15:41:15.253081+00:00,https://gamblingsage.org/casinos/
draftkings.com,online gambling,duckduckgo_html,6,2026-08-07T15:41:15.253081+00:00,https://casino.draftkings.com/
opengambling.co,online gambling,duckduckgo_html,7,2026-08-07T15:41:15.253081+00:00,https://opengambling.co/casinos/
casinosns.com,online gambling,duckduckgo_html,8,2026-08-07T15:41:15.253081+00:00,https://casinosns.com/
poki.com,online gambling,duckduckgo_html,9,2026-08-07T15:41:15.253081+00:00,https://poki.com/
wikipedia.org,online gambling,duckduckgo_html,10,2026-08-07T15:41:15.253081+00:00,https://en.wikipedia.org/wiki/Online_gambling
pokerstars.com,online casino,duckduckgo_html,5,2026-08-07T15:41:15.253081+00:00,https://www.pokerstars.com/casino/
betmgm.com,online casino,duckduckgo_html,6,2026-08-07T15:41:15.253081+00:00,https://www.betmgm.com/en/casino
casino.org,online casino,duckduckgo_html,7,2026-08-07T15:41:15.253081+00:00,https://www.casino.org/real-money/
gamblingauthority.org,online casino,duckduckgo_html,8,2026-08-07T15:41:15.253081+00:00,https://gamblingauthority.org/online-casinos/
fanduel.com,online casino,duckduckgo_html,9,2026-08-07T15:41:15.253081+00:00,https://casino.fanduel.com/
bonus.com,online casino,duckduckgo_html,10,2026-08-07T15:41:15.253081+00:00,https://www.bonus.com/online-casinos/
online-gambling.com,online gambling,searxng_html,3,2026-08-07T16:39:16.877409+00:00,https://www.online-gambling.com/us/
onlinegamblingme.com,online gambling,searxng_html,8,2026-08-07T16:39:16.877409+00:00,https://onlinegamblingme.com/real-money-casinos/
sportsline.com,online gambling,searxng_html,9,2026-08-07T16:39:16.877409+00:00,https://www.sportsline.com/casinos/games/
goldennuggetcasino.com,online gambling,searxng_html,11,2026-08-07T16:39:16.877409+00:00,https://www.goldennuggetcasino.com/
legalsportsreport.com,online gambling,searxng_html,12,2026-08-07T16:39:16.877409+00:00,https://www.legalsportsreport.com/online-casinos/
reddit.com,online gambling,searxng_html,14,2026-08-07T16:39:16.877409+00:00,https://www.reddit.com/r/onlinegambling/
metrotimes.com,online gambling,searxng_html,15,2026-08-07T16:39:16.877409+00:00,https://www.metrotimes.com/discover/best-gambling-sites-38226192/
wa.gov,online gambling,searxng_html,18,2026-08-07T16:39:16.877409+00:00,https://wsgc.wa.gov/online-gambling-faq
con-space.com,online gambling,searxng_html,20,2026-08-07T16:39:16.877409+00:00,https://con-space.com/exclusive-list/
northeasttimes.com,online gambling,searxng_html,21,2026-08-07T16:39:16.877409+00:00,https://northeasttimes.com/online-gambling-facts-and-stats/
americangaming.org,online gambling,searxng_html,22,2026-08-07T16:39:16.877409+00:00,https://www.americangaming.org/research/state-of-play-map/
gambling.com,online gambling,searxng_html,23,2026-08-07T16:39:16.877409+00:00,https://www.gambling.com/us
mdgaming.com,online gambling,searxng_html,24,2026-08-07T16:39:16.877409+00:00,https://www.mdgaming.com/legal-vs-illegal-online-gaming/
responsibleonlinegaming.org,online gambling,searxng_html,25,2026-08-07T16:39:16.877409+00:00,https://www.responsibleonlinegaming.org/
baseballamerica.com,online gambling,searxng_html,27,2026-08-07T16:39:16.877409+00:00,https://www.baseballamerica.com/stories/best-payout-online-casinos/
apple.com,online gambling,searxng_html,29,2026-08-07T16:39:16.877409+00:00,https://apps.apple.com/us/app/fanduel-casino-real-money/id1506229470
rotowire.com,online gambling,searxng_html,30,2026-08-07T16:39:16.877409+00:00,https://www.rotowire.com/betting/casinos
quora.com,online gambling,searxng_html,31,2026-08-07T16:39:16.877409+00:00,https://www.quora.com/What-are-the-pros-and-cons-of-online-gambling-platforms-and-how-do-they-compare-to-traditional-casinos
bovada.lv,online gambling,searxng_html,32,2026-08-07T16:39:16.877409+00:00,https://www.bovada.lv/
pogo.com,online gambling,searxng_html,33,2026-08-07T16:39:16.877409+00:00,https://www.pogo.com/free-online-games/casino
ca.gov,online gambling,searxng_html,34,2026-08-07T16:39:16.877409+00:00,https://www.cgcc.ca.gov/?pageID=gaming
fourwindscasino.com,online gambling,searxng_html,36,2026-08-07T16:39:16.877409+00:00,https://fourwindscasino.com/igaming/
jhu.edu,online gambling,searxng_html,37,2026-08-07T16:39:16.877409+00:00,https://magazine.publichealth.jhu.edu/2025/online-betting-surges-so-does-risk-addiction
pokerstrategy.com,online gambling,searxng_html,38,2026-08-07T16:39:16.877409+00:00,https://www.pokerstrategy.com/online-casinos/
gamblersanonymous.org,online gambling,searxng_html,11,2026-08-07T16:39:16.877409+00:00,https://gamblersanonymous.org/
legacyrecoverycenter.com,online gambling,searxng_html,12,2026-08-07T16:39:16.877409+00:00,https://www.legacyrecoverycenter.com/glossary/online-gambling-meaning/
globallawexperts.com,online gambling,searxng_html,13,2026-08-07T16:39:16.877409+00:00,https://globallawexperts.com/how-to-start-your-own-online-casino-cost-and-key-points/
windcreekcasino.com,online gambling,searxng_html,14,2026-08-07T16:39:16.877409+00:00,https://windcreekcasino.com/
cardplayer.com,online gambling,searxng_html,15,2026-08-07T16:39:16.877409+00:00,https://www.cardplayer.com/online-casinos/california-casinos
altenar.com,online gambling,searxng_html,18,2026-08-07T16:39:16.877409+00:00,https://altenar.com/en-us/blog/states-where-online-gambling-is-legal-in-the-usa/
mohegansun.com,online gambling,searxng_html,19,2026-08-07T16:39:16.877409+00:00,https://mohegansun.com/play-online/online-casino-games.html
casino.guru,online gambling,searxng_html,20,2026-08-07T16:39:16.877409+00:00,https://casino.guru/usa/
colorado.gov,online gambling,searxng_html,22,2026-08-07T16:39:16.877409+00:00,https://sbg.colorado.gov/what-is-legal-gambling-questions-in-colorado
sportsbetting.ag,"""sports betting""",searxng_html,2,2026-08-07T16:39:16.877409+00:00,https://www.sportsbetting.ag/
oasisgambling.com,"""sports betting""",searxng_html,4,2026-08-07T16:39:16.877409+00:00,https://oasisgambling.com/sports-betting/
betway.com,"""sports betting""",searxng_html,7,2026-08-07T16:39:16.877409+00:00,https://betway.com/g/en/sports
sportsbettingdime.com,"""sports betting""",searxng_html,10,2026-08-07T16:39:16.877409+00:00,https://www.sportsbettingdime.com/
espn.com,"""sports betting""",searxng_html,12,2026-08-07T16:39:16.877409+00:00,https://www.espn.com/espn/feature/story/_/id/40638138/beginner-guide-101-sports-betting-point-spreads-moneylines-parlays
actionnetwork.com,"""sports betting""",searxng_html,14,2026-08-07T16:39:16.877409+00:00,https://www.actionnetwork.com/
investopedia.com,"""sports betting""",searxng_html,15,2026-08-07T16:39:16.877409+00:00,https://www.investopedia.com/articles/investing/042115/betting-basics-fractional-decimal-american-moneyline-odds.asp
sportsbettingalliance.org,"""sports betting""",searxng_html,17,2026-08-07T16:39:16.877409+00:00,https://sportsbettingalliance.org/
northwestern.edu,"""sports betting""",searxng_html,18,2026-08-07T16:39:16.877409+00:00,https://spiegel.medill.northwestern.edu/sports-betting/
ebsco.com,"""sports betting""",searxng_html,19,2026-08-07T16:39:16.877409+00:00,https://www.ebsco.com/research-starters/sports-and-leisure/sports-betting
britannica.com,"""sports betting""",searxng_html,21,2026-08-07T16:39:16.877409+00:00,https://www.britannica.com/topic/sports-betting
foxsports.com,"""sports betting""",searxng_html,22,2026-08-07T16:39:16.877409+00:00,https://www.foxsports.com/stories/betting/best-sports-betting-apps
congress.gov,"""sports betting""",searxng_html,23,2026-08-07T16:39:16.877409+00:00,https://www.congress.gov/crs-product/IF12761
spiritmountain.com,"""sports betting""",searxng_html,24,2026-08-07T16:39:16.877409+00:00,https://spiritmountain.com/sportsbetting/how-to-bet/
spokanetribecasino.com,"""sports betting""",searxng_html,12,2026-08-07T16:39:16.877409+00:00,https://spokanetribecasino.com/sportsbook/
siena.edu,"""sports betting""",searxng_html,13,2026-08-07T16:39:16.877409+00:00,https://sri.siena.edu/2026/04/13/more-than-a-quarter-of-americans-27-have-an-active-online-sports-betting-account-a-third-have-opened-an-account-at-least-once/
circasports.com,"""sports betting""",searxng_html,14,2026-08-07T16:39:16.877409+00:00,https://www.circasports.com/sports-betting-101
usatoday.com,"""sports betting""",searxng_html,15,2026-08-07T16:39:16.877409+00:00,https://theeagleswire.usatoday.com/lists/sports-betting-apps/
theseminolecasinos.com,"""sports betting""",searxng_html,16,2026-08-07T16:39:16.877409+00:00,https://www.theseminolecasinos.com/sportsbook
sportsinsights.com,"""sports betting""",searxng_html,17,2026-08-07T16:39:16.877409+00:00,https://www.sportsinsights.com/
covers.com,"""sports betting""",searxng_html,18,2026-08-07T16:39:16.877409+00:00,https://www.covers.com/
williamhill.us,"""sports betting""",searxng_html,19,2026-08-07T16:39:16.877409+00:00,https://www.williamhill.us/how-to-bet/sports-betting-101/
prairiemeadows.com,"""sports betting""",searxng_html,20,2026-08-07T16:39:16.877409+00:00,https://www.prairiemeadows.com/sportsbetting
parxcasino.com,"""sports betting""",searxng_html,21,2026-08-07T16:39:16.877409+00:00,https://www.parxcasino.com/bensalem/sports-betting
turningstone.com,"""sports betting""",searxng_html,22,2026-08-07T16:39:16.877409+00:00,https://www.turningstone.com/gaming/sports-book
hollywoodgulfcoast.com,"""sports betting""",searxng_html,23,2026-08-07T16:39:16.877409+00:00,https://www.hollywoodgulfcoast.com/casino/sportsbook
humankinetics.com,"""sports betting""",searxng_html,24,2026-08-07T16:39:16.877409+00:00,https://us.humankinetics.com/blogs/excerpt/a-brief-history-of-sports-betting
columbuscrew.com,"""sports betting""",searxng_html,25,2026-08-07T16:39:16.877409+00:00,https://www.columbuscrew.com/news/understanding-the-basics-of-sports-betting-101
ncaa.org,"""sports betting""",searxng_html,26,2026-08-07T16:39:16.877409+00:00,https://www.ncaa.org/sports-betting-protections/
northernquest.com,"""sports betting""",searxng_html,27,2026-08-07T16:39:16.877409+00:00,https://www.northernquest.com/casino/sports-betting
saracenresort.com,"""sports betting""",searxng_html,28,2026-08-07T16:39:16.877409+00:00,https://www.saracenresort.com/gaming/online-sports-betting/faq/
sportsbettingoperator.com,"""sports betting""",searxng_html,29,2026-08-07T16:39:16.877409+00:00,https://sportsbettingoperator.com/
mytopsportsbooks.com,"""sports betting""",searxng_html,30,2026-08-07T16:39:16.877409+00:00,https://www.mytopsportsbooks.com/
freep.com,"""sports betting""",searxng_html,24,2026-08-07T16:39:16.877409+00:00,https://www.freep.com/story/sports/sports-betting-apps-rankings-2026/86816014007/
hudsonriverblue.com,"""online betting""",searxng_html,1,2026-08-07T16:39:16.877409+00:00,https://www.hudsonriverblue.com/betting-sites/
twinspires.com,"""online betting""",searxng_html,3,2026-08-07T16:39:16.877409+00:00,https://www.twinspires.com/
cbssports.com,"""online betting""",searxng_html,5,2026-08-07T16:39:16.877409+00:00,https://www.cbssports.com/betting/news/best-betting-apps/
eppc.org,"""online betting""",searxng_html,6,2026-08-07T16:39:16.877409+00:00,https://eppc.org/publication/online-sports-betting-the-problem-and-how-to-respond/
rg.org,"""online betting""",searxng_html,7,2026-08-07T16:39:16.877409+00:00,https://rg.org/sportsbooks
elitesportsny.com,"""online betting""",searxng_html,8,2026-08-07T16:39:16.877409+00:00,https://elitesportsny.com/ny-online-sports-betting/
prove.com,"""online betting""",searxng_html,9,2026-08-07T16:39:16.877409+00:00,https://www.prove.com/tags/online-betting-gaming
sailgp.com,"""online betting""",searxng_html,11,2026-08-07T16:39:16.877409+00:00,https://sailgp.com/us-betting-sites
bet365.com,"""online betting""",searxng_html,14,2026-08-07T16:39:16.877409+00:00,https://www.bet365.com/
pbs.org,"""online betting""",searxng_html,16,2026-08-07T16:39:16.877409+00:00,https://www.pbs.org/video/online-betting-gambling-with-our-future-gytrjt/
sbu.edu,"""online betting""",searxng_html,17,2026-08-07T16:39:16.877409+00:00,https://www.sbu.edu/athletics/2026/06/24/survey-almost-half-of-american-men-have-online-betting-accounts
nih.gov,"""online betting""",searxng_html,19,2026-08-07T16:39:16.877409+00:00,https://pubmed.ncbi.nlm.nih.gov/33811638/
wsn.com,"""online betting""",searxng_html,20,2026-08-07T16:39:16.877409+00:00,https://www.wsn.com/sports-betting-usa/
drf.com,"""online betting""",searxng_html,11,2026-08-07T16:39:16.877409+00:00,https://www.drf.com/sports-betting
tampabaydowns.com,"""online betting""",searxng_html,12,2026-08-07T16:39:16.877409+00:00,https://www.tampabaydowns.com/online-betting-in-florida-what-to-know/
raceruidoso.com,"""online betting""",searxng_html,15,2026-08-07T16:39:16.877409+00:00,https://www.raceruidoso.com/online-betting
transfermarkt.us,"""online betting""",searxng_html,16,2026-08-07T16:39:16.877409+00:00,https://www.transfermarkt.us/online-betting/
getgameon.com,"""online betting""",searxng_html,17,2026-08-07T16:39:16.877409+00:00,https://www.getgameon.com/
hardrock.bet,"""online betting""",searxng_html,18,2026-08-07T16:39:16.877409+00:00,https://www.hardrock.bet/florida/
thed.com,"""online betting""",searxng_html,19,2026-08-07T16:39:16.877409+00:00,https://www.thed.com/blog/digital-sports-betting/
swaggermagazine.com,"""online betting""",searxng_html,20,2026-08-07T16:39:16.877409+00:00,https://www.swaggermagazine.com/igaming/best-online-betting-sites-top-picks-for-sports-parlay-betting/
syracuse.com,"""online betting""",searxng_html,21,2026-08-07T16:39:16.877409+00:00,https://www.syracuse.com/betting/usa/
protectborrowers.org,"""online betting""",searxng_html,22,2026-08-07T16:39:16.877409+00:00,https://protectborrowers.org/online-prop-betting-is-ruining-professional-sports/
utk.edu,"""online betting""",searxng_html,23,2026-08-07T16:39:16.877409+00:00,https://haslam.utk.edu/news/whats-making-online-betting-big-business-in-tennessee-your-questions-answered/
betfanatics.com,"""online betting""",searxng_html,25,2026-08-07T16:39:16.877409+00:00,https://betfanatics.com/
onlinebetting.com,"""online betting""",searxng_html,26,2026-08-07T16:39:16.877409+00:00,https://onlinebetting.com/
sportshandle.com,"""online betting""",searxng_html,27,2026-08-07T16:39:16.877409+00:00,https://sportshandle.com/mobile-sportsbooks/
livescore.com,"""online betting""",searxng_html,28,2026-08-07T16:39:16.877409+00:00,https://www.livescore.com/en-us/betting-sites/
newgamenetwork.com,"""online betting""",searxng_html,30,2026-08-07T16:39:16.877409+00:00,https://www.newgamenetwork.com/betting/california/
oddstrader.com,"""online betting""",searxng_html,22,2026-08-07T16:39:16.877409+00:00,https://www.oddstrader.com/usa/texas/
mashable.com,"""online betting""",searxng_html,25,2026-08-07T16:39:16.877409+00:00,https://mashable.com/article/sports-betting-apps-legal-draftkings
bettingusa.com,"""online betting""",searxng_html,26,2026-08-07T16:39:16.877409+00:00,https://www.bettingusa.com/
nebraskapublicmedia.org,"""online betting""",searxng_html,27,2026-08-07T16:39:16.877409+00:00,https://nebraskapublicmedia.org/es/news/news-articles/two-betting-companies-up-the-ante-contribute-3m-supporting-nebraska-online-betting-initiatives/
anybet.com,"""online betting""",searxng_html,29,2026-08-07T16:39:16.877409+00:00,http://anybet.com/
top100bookmakers.com,"""online betting""",searxng_html,30,2026-08-07T16:39:16.877409+00:00,https://www.top100bookmakers.com/countries/us.php
yahoo.com,"""football betting""",searxng_html,5,2026-08-07T16:39:16.877409+00:00,https://sports.yahoo.com/article/most-effective-football-betting-strategies-135400694.html
vegasinsider.com,"""football betting""",searxng_html,7,2026-08-07T16:39:16.877409+00:00,https://www.vegasinsider.com/nfl/odds/las-vegas/
caesars.com,"""football betting""",searxng_html,8,2026-08-07T16:39:16.877409+00:00,https://caesars.com/sportsbook-and-casino/how-to-bet/football/
ladbrokes.com,"""football betting""",searxng_html,11,2026-08-07T16:39:16.877409+00:00,https://www.ladbrokes.com/en/sports/sport/football
bet2invest.com,"""football betting""",searxng_html,15,2026-08-07T16:39:16.877409+00:00,https://bet2invest.com/blog/Football-Betting-for-Beginners:-How-to-Bet-Safely-and-Smartly
fishduck.com,"""football betting""",searxng_html,16,2026-08-07T16:39:16.877409+00:00,https://fishduck.com/sports-betting-sites/nfl/
si.com,"""football betting""",searxng_html,18,2026-08-07T16:39:16.877409+00:00,https://www.si.com/betting/usa/college-football-betting-sites
circalasvegas.com,"""football betting""",searxng_html,19,2026-08-07T16:39:16.877409+00:00,https://www.circalasvegas.com/blog/football-betting-tips/
pinnacle.com,"""football betting""",searxng_html,20,2026-08-07T16:39:16.877409+00:00,https://www.pinnacle.com/en/football/leagues/
mybluehost.me,"""football betting""",searxng_html,12,2026-08-07T16:39:16.877409+00:00,https://hjy.ivk.mybluehost.me/how-to-bet-football/
sportsinsider.com,"""football betting""",searxng_html,16,2026-08-07T16:39:16.877409+00:00,https://www.sportsinsider.com/nfl/
borgataonline.com,"""football betting""",searxng_html,18,2026-08-07T16:39:16.877409+00:00,https://www.borgataonline.com/en/sports/football-11
site.com,"""football betting""",searxng_html,22,2026-08-07T16:39:16.877409+00:00,https://betfanatics.my.site.com/FBGSupport/s/article/Football-Betting-Guide
al.com,"""football betting""",searxng_html,26,2026-08-07T16:39:16.877409+00:00,https://www.al.com/betting/guides/college-football/
vsin.com,"""football betting""",searxng_html,27,2026-08-07T16:39:16.877409+00:00,https://vsin.com/podcasts/college-football-betting/
wagertalk.com,"""football betting""",searxng_html,28,2026-08-07T16:39:16.877409+00:00,https://www.wagertalk.com/sports-betting-guide/football-betting-101
donbest.com,"""football betting""",searxng_html,22,2026-08-07T16:39:16.877409+00:00,https://www.donbest.com/
madduxsports.com,"""football betting""",searxng_html,26,2026-08-07T16:39:16.877409+00:00,https://www.madduxsports.com/library/football/how-does-football-betting-work-learn-the-basics.html
rotogrinders.com,"""football betting""",searxng_html,27,2026-08-07T16:39:16.877409+00:00,https://rotogrinders.com/sports-betting/guides/nfl
sharpfootballanalysis.com,"""football betting""",searxng_html,28,2026-08-07T16:39:16.877409+00:00,https://www.sharpfootballanalysis.com/sportsbook/guides/live-football-betting/
stake.com,"""cricket betting""",searxng_html,2,2026-08-07T16:39:16.877409+00:00,https://stake.com/sports/cricket
sbo.net,"""cricket betting""",searxng_html,3,2026-08-07T16:39:16.877409+00:00,https://www.sbo.net/cricket/
deadspin.com,"""cricket betting""",searxng_html,9,2026-08-07T16:39:16.877409+00:00,https://deadspin.com/cricket-betting-sites/
next.io,"""cricket betting""",searxng_html,14,2026-08-07T16:39:16.877409+00:00,https://next.io/betting-sites-uk/guide/how-to-bet-on-cricket/
oddschecker.com,"""cricket betting""",searxng_html,15,2026-08-07T16:39:16.877409+00:00,https://www.oddschecker.com/us/cricket
thelines.com,"""cricket betting""",searxng_html,16,2026-08-07T16:39:16.877409+00:00,https://www.thelines.com/betting/cricket-betting-sites/
oddsjam.com,"""cricket betting""",searxng_html,19,2026-08-07T16:39:16.877409+00:00,https://oddsjam.com/cricket
greatbridgelinks.com,"""cricket betting""",searxng_html,20,2026-08-07T16:39:16.877409+00:00,https://greatbridgelinks.com/boundaries-and-bookmakers-understanding-online-cricket-betting/
london.bet,"""cricket betting""",searxng_html,12,2026-08-07T16:39:16.877409+00:00,https://london.bet/cricket
trustpilot.com,"""cricket betting""",searxng_html,13,2026-08-07T16:39:16.877409+00:00,https://www.trustpilot.com/review/onlinecricketbetting.tv
betrino.com,"""cricket betting""",searxng_html,15,2026-08-07T16:39:16.877409+00:00,https://www.betrino.com/cricket/
wizardofvegas.com,"""cricket betting""",searxng_html,16,2026-08-07T16:39:16.877409+00:00,https://wizardofvegas.com/forum/off-topic/general/39525-how-good-is-cricket-betting/
ballybet.com,"""cricket betting""",searxng_html,20,2026-08-07T16:39:16.877409+00:00,https://www.ballybet.com/online-sports-betting/cricket
ivybet.com,"""cricket betting""",searxng_html,21,2026-08-07T16:39:16.877409+00:00,https://www.ivybet.com/sport/cricket/
primesportsbook.com,"""cricket betting""",searxng_html,26,2026-08-07T16:39:16.877409+00:00,https://www.primesportsbook.com/betting-guides/how-to-bet-on-cricket/
aol.com,"""cricket betting""",searxng_html,27,2026-08-07T16:39:16.877409+00:00,https://www.aol.com/best-cricket-betting-sites-2025-133419042.html
oddsmatrix.com,"""cricket betting""",searxng_html,28,2026-08-07T16:39:16.877409+00:00,https://oddsmatrix.com/sports/cricket/
yougov.com,"""cricket betting""",searxng_html,29,2026-08-07T16:39:16.877409+00:00,https://yougov.com/en-gb/articles/50525-examining-the-cricket-betting-landscape-in-the-uk
netbet.com,"""cricket betting""",searxng_html,30,2026-08-07T16:39:16.877409+00:00,https://sport.netbet.com/cricket/
oddspedia.com,"""cricket betting""",searxng_html,21,2026-08-07T16:39:16.877409+00:00,https://oddspedia.com/cricket
fivereasonssports.com,"""cricket betting""",searxng_html,22,2026-08-07T16:39:16.877409+00:00,https://www.fivereasonssports.com/news/top-8-reasons-for-an-immense-amount-of-cricket-betting/
dimers.com,"""cricket betting""",searxng_html,23,2026-08-07T16:39:16.877409+00:00,https://www.dimers.com/betting/cricket
matchbook.com,"""cricket betting""",searxng_html,27,2026-08-07T16:39:16.877409+00:00,https://www.matchbook.com/events/cricket
dataintelo.com,"""cricket betting""",searxng_html,28,2026-08-07T16:39:16.877409+00:00,https://dataintelo.com/report/global-cricket-betting-market
cricketworld.com,"""cricket betting""",searxng_html,29,2026-08-07T16:39:16.877409+00:00,https://www.cricketworld.com/cricket-prediction-tips/
odds96.com,"""cricket betting""",searxng_html,30,2026-08-07T16:39:16.877409+00:00,https://odds96.com/en/sports
therundown.io,"""IPL betting""",searxng_html,8,2026-08-07T16:39:16.877409+00:00,https://therundown.io/odds/ipl
linkedin.com,"""IPL betting""",searxng_html,9,2026-08-07T16:39:16.877409+00:00,https://www.linkedin.com/pulse/ipl-betting-market-indias-hidden-game-one-talks-rushabh-shah-xllhf
sigma.world,"""IPL betting""",searxng_html,10,2026-08-07T16:39:16.877409+00:00,https://sigma.world/play/sports-betting/cricket/
ndtv.com,"""IPL betting""",searxng_html,11,2026-08-07T16:39:16.877409+00:00,https://www.ndtv.com/india-news/inside-the-shadow-economy-riding-ipl-online-betting-networks-11560908
springer.com,"""IPL betting""",searxng_html,15,2026-08-07T16:39:16.877409+00:00,https://link.springer.com/article/10.1007/s40318-025-00321-z
cloudsek.com,"""IPL betting""",searxng_html,16,2026-08-07T16:39:16.877409+00:00,https://www.cloudsek.com/blog/illegal-ipl-betting-platforms-underground-economy
spotify.com,"""IPL betting""",searxng_html,18,2026-08-07T16:39:16.877409+00:00,https://open.spotify.com/episode/5ePhslCajU2J0vRkKLt3iM
facebook.com,"""IPL betting""",searxng_html,19,2026-08-07T16:39:16.877409+00:00,https://www.facebook.com/dgptelangana/posts/if-youre-betting-on-ipl-the-real-loss-is-yoursreport-on-dial-100the-only-safe-be/1095460489287634/
ats.io,"""IPL betting""",searxng_html,12,2026-08-07T16:39:16.877409+00:00,https://ats.io/cricket/ipl/
snapchat.com,"""IPL betting""",searxng_html,13,2026-08-07T16:39:16.877409+00:00,https://www.snapchat.com/topic/ipl-betting
affnook.com,"""IPL betting""",searxng_html,14,2026-08-07T16:39:16.877409+00:00,https://affnook.com/ipl-betting/
bc.game,"""IPL betting""",searxng_html,16,2026-08-07T16:39:16.877409+00:00,https://betting.bc.game/betting-academy/how-to-bet-on-ipl-cricket/
transfermarkt.com,"""IPL betting""",searxng_html,18,2026-08-07T16:39:16.877409+00:00,https://www.transfermarkt.com/betting/ipl-odds/
sports-king.com,"""IPL betting""",searxng_html,19,2026-08-07T16:39:16.877409+00:00,https://www.sports-king.com/ipl-betting.php
weareiowa.com,"""IPL betting""",searxng_html,23,2026-08-07T16:39:16.877409+00:00,https://www.weareiowa.com/article/news/local/plea-agreement-reached-in-des-moines-murder-trial/524-3069d9d4-6f9b-4039-b884-1d2146bd744f?ultimate-guide-to-ipl-match-betting-sites-maximize-your-casino-gambling-experience-in-the-us
audiomack.com,"""IPL betting""",searxng_html,24,2026-08-07T16:39:16.877409+00:00,https://audiomack.com/gullybetting/song/ipl-betting
unl.edu,"""IPL betting""",searxng_html,26,2026-08-07T16:39:16.877409+00:00,https://netnebprod.unl.edu/store/apps/details/?id=%5Bsecure%5D-%E3%80%8Aipl-betting%E3%80%8B-browser-based-difference-malayalam%2B%F0%9F%8C%90.media
tribuna.com,"""IPL betting""",searxng_html,27,2026-08-07T16:39:16.877409+00:00,https://tribuna.com/en/betting/betting-sites/indian-premier-league/
thesportsnewsblitz.com,"""IPL betting""",searxng_html,28,2026-08-07T16:39:16.877409+00:00,https://www.thesportsnewsblitz.com/news/ipl-betting-tips-best-bets-and-predictions-for-week-nine-with-play-offs-on-the-line
betwinner.com,"""IPL betting""",searxng_html,22,2026-08-07T16:39:16.877409+00:00,https://guidebook.betwinner.com/ipl/
cricketbetsites.com,"""IPL betting""",searxng_html,24,2026-08-07T16:39:16.877409+00:00,https://cricketbetsites.com/best-ipl-betting-sites/
strafe.com,"""IPL betting""",searxng_html,25,2026-08-07T16:39:16.877409+00:00,https://www.strafe.com/esports-betting/apps/cricket/ipl/
betexchangeid.com,"""IPL betting""",searxng_html,26,2026-08-07T16:39:16.877409+00:00,https://betexchangeid.com/ipl-betting/
nostrabet.com,"""IPL betting""",searxng_html,27,2026-08-07T16:39:16.877409+00:00,https://nostrabet.com/en/top-ipl-betting-sites/
deccanherald.com,"""IPL betting""",searxng_html,28,2026-08-07T16:39:16.877409+00:00,https://www.deccanherald.com/opinion/indias-cricket-betting-rush-is-straining-banks-3492639
dubaiexch247.co,"""IPL betting""",searxng_html,29,2026-08-07T16:39:16.877409+00:00,https://dubaiexch247.co/dubaiexch247-ipl-betting/
cricketweb.net,"""T20 betting""",searxng_html,3,2026-08-07T16:39:16.877409+00:00,https://www.cricketweb.net/the-anatomy-of-a-run-pursuit-how-live-data-shapes-t20-betting-strategies/
thepunterspage.com,"""T20 betting""",searxng_html,5,2026-08-07T16:39:16.877409+00:00,https://www.thepunterspage.com/cricket-t20-betting/
geniussports.com,"""T20 betting""",searxng_html,6,2026-08-07T16:39:16.877409+00:00,https://www.geniussports.com/content-hub/crickets-micro-betting-opportunity-how-to-capitalise-on-the-growth-of-t20-betting/
sportsboom.com,"""T20 betting""",searxng_html,9,2026-08-07T16:39:16.877409+00:00,https://www.sportsboom.com/cricket/betting/t20/
africapicks.com,"""T20 betting""",searxng_html,10,2026-08-07T16:39:16.877409+00:00,https://www.africapicks.com/the-playbook/cricket-betting/t20-vs-odi-vs-test-betting-format-specific-strategy/
online-cricket-betting.com,"""T20 betting""",searxng_html,12,2026-08-07T16:39:16.877409+00:00,https://online-cricket-betting.com/test-vs-odi-vs-t20-cricket-betting/
cricketbettips.com,"""T20 betting""",searxng_html,14,2026-08-07T16:39:16.877409+00:00,https://cricketbettips.com/cricket-betting-formats/
live-cricket-betting.com,"""T20 betting""",searxng_html,15,2026-08-07T16:39:16.877409+00:00,https://live-cricket-betting.com/t20-live-strategies/
johnnybet.com,"""T20 betting""",searxng_html,16,2026-08-07T16:39:16.877409+00:00,https://www.johnnybet.com/icc-womens-t20-world-cup-betting-odds
casinoceo.com,"""T20 betting""",searxng_html,19,2026-08-07T16:39:16.877409+00:00,https://casinoceo.com/cricbet999-odds-comparison-is-it-better-for-t20-betting/
pnllbaseball.com,"""T20 betting""",searxng_html,20,2026-08-07T16:39:16.877409+00:00,https://www.pnllbaseball.com/jeetwin/
reddybookclube.com,"""T20 betting""",searxng_html,13,2026-08-07T16:39:16.877409+00:00,https://reddybookclube.com/t20-vs-odi-cricket-betting/
kheloyarr.live,"""T20 betting""",searxng_html,14,2026-08-07T16:39:16.877409+00:00,https://kheloyarr.live/blog/t20-world-cup-betting-predictions-using-kheloyar/
8teen.app,"""T20 betting""",searxng_html,15,2026-08-07T16:39:16.877409+00:00,https://8teen.app/en/kriket
ec99.vin,"""T20 betting""",searxng_html,16,2026-08-07T16:39:16.877409+00:00,https://ec99.vin/t20-cricket/
11pkr.bet,"""T20 betting""",searxng_html,17,2026-08-07T16:39:16.877409+00:00,https://11pkr.bet/cricket
active8.bet,"""T20 betting""",searxng_html,18,2026-08-07T16:39:16.877409+00:00,https://active8.bet/t20-cricket/
92dado.org,"""T20 betting""",searxng_html,20,2026-08-07T16:39:16.877409+00:00,https://92dado.org/cricket
btpro.pro,"""T20 betting""",searxng_html,21,2026-08-07T16:39:16.877409+00:00,https://btpro.pro/cricket
4six.ws,"""T20 betting""",searxng_html,22,2026-08-07T16:39:16.877409+00:00,https://4six.ws/cricket
388wen.org,"""T20 betting""",searxng_html,23,2026-08-07T16:39:16.877409+00:00,https://388wen.org/cricket
hot880.bar,"""T20 betting""",searxng_html,24,2026-08-07T16:39:16.877409+00:00,https://hot880.bar/cricket
bdt11.io,"""T20 betting""",searxng_html,25,2026-08-07T16:39:16.877409+00:00,https://bdt11.io/cricket
six6es.org,"""T20 betting""",searxng_html,26,2026-08-07T16:39:16.877409+00:00,https://six6es.org/cricket
worldofspin.com,"""T20 betting""",searxng_html,27,2026-08-07T16:39:16.877409+00:00,https://worldofspin.com/category/cricket-betting
222dk.io,"""T20 betting""",searxng_html,28,2026-08-07T16:39:16.877409+00:00,https://222dk.io/cricket
click5.bet,"""T20 betting""",searxng_html,29,2026-08-07T16:39:16.877409+00:00,https://click5.bet/t20-cricket/
140app.net,"""T20 betting""",searxng_html,21,2026-08-07T16:39:16.877409+00:00,https://140app.net/t20-cricket/
200mm.net,"""T20 betting""",searxng_html,22,2026-08-07T16:39:16.877409+00:00,https://200mm.net/t20-cricket/
c25.pro,"""T20 betting""",searxng_html,23,2026-08-07T16:39:16.877409+00:00,https://c25.pro/t20-cricket/
sportbet.page,"""T20 betting""",searxng_html,24,2026-08-07T16:39:16.877409+00:00,https://sportbet.page/t20-cricket/
1zon.bet,"""T20 betting""",searxng_html,25,2026-08-07T16:39:16.877409+00:00,https://1zon.bet/t20-cricket/
n810.net,"""T20 betting""",searxng_html,26,2026-08-07T16:39:16.877409+00:00,https://n810.net/t20-cricket/
betproexchapp.com,"""T20 betting""",searxng_html,27,2026-08-07T16:39:16.877409+00:00,https://betproexchapp.com/t20-cricket/
papp.bet,"""T20 betting""",searxng_html,28,2026-08-07T16:39:16.877409+00:00,https://papp.bet/t20-cricket/
m7522.com,"""T20 betting""",searxng_html,29,2026-08-07T16:39:16.877409+00:00,https://m7522.com/t20-cricket/
on14.org,"""T20 betting""",searxng_html,30,2026-08-07T16:39:16.877409+00:00,https://on14.org/t20-cricket/
hoopheadspod.com,"""live betting""",searxng_html,6,2026-08-07T16:39:16.877409+00:00,https://hoopheadspod.com/the-art-of-live-betting-how-to-find-value-during-basketball-games/
sportradar.com,"""live betting""",searxng_html,8,2026-08-07T16:39:16.877409+00:00,https://sportradar.com/betting-gaming/products/live-streams/
substack.com,"""live betting""",searxng_html,17,2026-08-07T16:39:16.877409+00:00,https://fiddlespicks.substack.com/p/gridiron-gold-live-betting-strategies
bookmaker.eu,"""live betting""",searxng_html,19,2026-08-07T16:39:16.877409+00:00,https://www.bookmaker.eu/livebet
sportytrader.com,"""live betting""",searxng_html,20,2026-08-07T16:39:16.877409+00:00,https://www.sportytrader.com/en/sports-betting/guide/win-your-live-betting/
gamblinginsider.com,"""live betting""",searxng_html,11,2026-08-07T16:39:16.877409+00:00,https://www.gamblinginsider.com/us/in-play-betting-sites
x.com,"""live betting""",searxng_html,15,2026-08-07T16:39:16.877409+00:00,https://x.com/LiveBettingShow
livescorebet.com,"""live betting""",searxng_html,16,2026-08-07T16:39:16.877409+00:00,https://www.livescorebet.com/uk/
blaze.today,"""live betting""",searxng_html,18,2026-08-07T16:39:16.877409+00:00,https://community.blaze.today/t/mastering-live-betting-your-ultimate-guide-to-in-play-football-wagering/39935
pinnacleoddsdropper.com,"""live betting""",searxng_html,20,2026-08-07T16:39:16.877409+00:00,https://www.pinnacleoddsdropper.com/blog/live-betting
bitcointalk.org,"""live betting""",searxng_html,22,2026-08-07T16:39:16.877409+00:00,https://bitcointalk.org/index.php?topic=5563236.40
oddsindex.com,"""live betting""",searxng_html,27,2026-08-07T16:39:16.877409+00:00,https://oddsindex.com/guides/live-betting-strategy-guide
boothillcasino.com,"""live betting""",searxng_html,30,2026-08-07T16:39:16.877409+00:00,https://boothillcasino.com/play/live-betting/
thunderpick.io,"""live betting""",searxng_html,24,2026-08-07T16:39:16.877409+00:00,https://thunderpick.io/esports/league-of-legends
wizardraceandsports.com,"""live betting""",searxng_html,25,2026-08-07T16:39:16.877409+00:00,https://wizardraceandsports.com/live-betting-how-it-works-with-legal-sports-betting-sites/
nytimes.com,"""live betting""",searxng_html,26,2026-08-07T16:39:16.877409+00:00,https://www.nytimes.com/2025/09/30/business/live-in-game-sports-betting.html
sportsboom.us,"""live betting""",searxng_html,27,2026-08-07T16:39:16.877409+00:00,https://www.sportsboom.us/betting/are-live-betting-odds-making-sports-more-exciting-than-ever
fantasylife.com,"""live betting""",searxng_html,28,2026-08-07T16:39:16.877409+00:00,https://www.fantasylife.com/articles/betting/what-is-live-betting
leans.ai,"""live betting""",searxng_html,29,2026-08-07T16:39:16.877409+00:00,https://leans.ai/live-betting-strategy/
pokerscout.com,"""live betting""",searxng_html,30,2026-08-07T16:39:16.877409+00:00,https://www.pokerscout.com/sport/live-betting-sites/
unabated.com,"""in-play betting""",searxng_html,6,2026-08-07T16:39:16.877409+00:00,https://unabated.com/tools/core/in-play-betting
smarkets.com,"""in-play betting""",searxng_html,7,2026-08-07T16:39:16.877409+00:00,https://help.smarkets.com/hc/en-gb/articles/115001288852-What-is-in-play-betting
cambridge.org,"""in-play betting""",searxng_html,14,2026-08-07T16:39:16.877409+00:00,https://dictionary.cambridge.org/us/dictionary/english/in-play
sbgglobal.eu,"""in-play betting""",searxng_html,15,2026-08-07T16:39:16.877409+00:00,https://www.sbgglobal.eu/sportsbook/in-play-bet-types/
sciencedirect.com,"""in-play betting""",searxng_html,18,2026-08-07T16:39:16.877409+00:00,https://www.sciencedirect.com/science/article/pii/S2451958822000288
sbrsport.me,"""in-play betting""",searxng_html,19,2026-08-07T16:39:16.877409+00:00,https://sbrsport.me/in-play-betting-strategies/
compareabookie.com,"""in-play betting""",searxng_html,23,2026-08-07T16:39:16.877409+00:00,https://compareabookie.com/in-play-betting-explained/
scribd.com,"""in-play betting""",searxng_html,25,2026-08-07T16:39:16.877409+00:00,https://www.scribd.com/document/507231202/The-Under-X-in-Play-System
concentrix.com,"""in-play betting""",searxng_html,26,2026-08-07T16:39:16.877409+00:00,https://www.concentrix.com/insights/blog/the-impact-of-in-play-betting/
augustafreepress.com,"""in-play betting""",searxng_html,27,2026-08-07T16:39:16.877409+00:00,https://augustafreepress.com/news/what-is-in-play-betting-and-is-it-for-me/
uplatform.com,"""in-play betting""",searxng_html,28,2026-08-07T16:39:16.877409+00:00,https://uplatform.com/news/the-growing-value-of-in-play-betting
theconversation.com,"""in-play betting""",searxng_html,30,2026-08-07T16:39:16.877409+00:00,https://theconversation.com/sports-betting-how-in-play-betting-features-could-be-leading-to-harmful-gambling-new-research-177872
anteupmagazine.com,"""in-play betting""",searxng_html,21,2026-08-07T16:39:16.877409+00:00,https://anteupmagazine.com/2023/10/30/unlocking-the-secrets-of-pay-per-head-success-the-thrill-of-in-play-betting/
sbcamericas.com,"""in-play betting""",searxng_html,22,2026-08-07T16:39:16.877409+00:00,https://sbcamericas.com/2025/01/17/in-play-betting-report-optimove/
planetsport.com,"""in-play betting""",searxng_html,25,2026-08-07T16:39:16.877409+00:00,https://www.planetsport.com/betting-guides/a-guide-to-in-play-betting-and-how-to-profit-from-it
inplaysoft.com,"""in-play betting""",searxng_html,27,2026-08-07T16:39:16.877409+00:00,https://inplaysoft.com/knowledgebase/in-play-betting-software-is-essential-for-sports-betting-platforms%E2%80%93understand-why-and-stay-ahead
first.com,"""in-play betting""",searxng_html,28,2026-08-07T16:39:16.877409+00:00,https://first.com/learn/sports-betting/in-play-football-betting-strategies-2025
homebusinessmag.com,"""in-play betting""",searxng_html,29,2026-08-07T16:39:16.877409+00:00,https://homebusinessmag.com/businesses/special-types/in-play-betting-real-time-wagering-uk/
bettorsden.com,"""in-play betting""",searxng_html,30,2026-08-07T16:39:16.877409+00:00,https://www.bettorsden.com/in-play-betting/
arbusers.com,"""match betting""",searxng_html,3,2026-08-07T16:39:16.877409+00:00,https://arbusers.com/how-much-money-can-you-realistically-make-from-matched-betting-t10124/
harvard.edu,"""match betting""",searxng_html,5,2026-08-07T16:39:16.877409+00:00,http://ui.adsabs.harvard.edu/abs/2024NatSR..14.6470K/abstract
csgoempire.com,"""match betting""",searxng_html,7,2026-08-07T16:39:16.877409+00:00,https://csgoempire.com/match-betting
track360.io,"""match betting""",searxng_html,9,2026-08-07T16:39:16.877409+00:00,https://track360.io/glossary/pre-match-vs-live-betting
footballwhispers.com,"""match betting""",searxng_html,12,2026-08-07T16:39:16.877409+00:00,https://footballwhispers.com/blog/what-is-matched-betting-definition-tips-and-offers/
profitduel.com,"""match betting""",searxng_html,13,2026-08-07T16:39:16.877409+00:00,https://www.profitduel.com/blog/how-much-can-you-make-matched-betting
caanberry.com,"""match betting""",searxng_html,14,2026-08-07T16:39:16.877409+00:00,https://caanberry.com/matched-betting-tips/
rebelbetting.com,"""match betting""",searxng_html,16,2026-08-07T16:39:16.877409+00:00,https://www.rebelbetting.com/matchedbetting
bookie.broker,"""match betting""",searxng_html,18,2026-08-07T16:39:16.877409+00:00,https://bookie.broker/match-betting/
gettyimages.com,"""match betting""",searxng_html,20,2026-08-07T16:39:16.877409+00:00,https://www.gettyimages.com/photos/football-match-betting
arxiv.org,"""match betting""",searxng_html,15,2026-08-07T16:39:16.877409+00:00,https://arxiv.org/pdf/2605.30209
betangel.com,"""match betting""",searxng_html,16,2026-08-07T16:39:16.877409+00:00,https://www.betangel.com/matched-betting-to-betfair-trading/
amazonaws.com,"""match betting""",searxng_html,19,2026-08-07T16:39:16.877409+00:00,https://ncc-website-2.s3.amazonaws.com/reviews/video/match-betting-app-android-ios-install-g1joz.html
spectrumlocalnews.com,"""match betting""",searxng_html,25,2026-08-07T16:39:16.877409+00:00,https://spectrumlocalnews.com/mo/st-louis/news/2026/06/26/sportsbooks-sports-betting-missouri-fifa-world-cup
aussiefirebug.com,"""match betting""",searxng_html,26,2026-08-07T16:39:16.877409+00:00,https://www.aussiefirebug.com/matched-betting-feedback/
1010xl.com,"""match betting""",searxng_html,28,2026-08-07T16:39:16.877409+00:00,https://1010xl.com/post/in-play-betting-vs-pre-match-betting-whats-better/
tradematesports.com,"""match betting""",searxng_html,29,2026-08-07T16:39:16.877409+00:00,https://www.tradematesports.com/en/blog?tag=value-betting
nature.com,"""match betting""",searxng_html,22,2026-08-07T16:39:16.877409+00:00,https://www.nature.com/articles/s41598-024-57195-8
tennismajors.com,"""match betting""",searxng_html,23,2026-08-07T16:39:16.877409+00:00,https://www.tennismajors.com/others-news/live-tennis-betting-in-the-usa-why-in-play-wagering-is-booming-835440.html
matchbettingguru.com,"""match betting""",searxng_html,28,2026-08-07T16:39:16.877409+00:00,https://matchbettingguru.com/
sportbex.com,"""match betting""",searxng_html,29,2026-08-07T16:39:16.877409+00:00,https://sportbex.com/blog/live-betting-vs-pre-match-betting/
equinedge.com,"""betting exchange""",searxng_html,5,2026-08-07T16:39:16.877409+00:00,https://equinedge.com/glossary/modern-wagering-and-betting-technology/what-is-a-betting-exchange-in-horse-racing
sx.bet,"""betting exchange""",searxng_html,6,2026-08-07T16:39:16.877409+00:00,https://blog.sx.bet/sports-betting/guides/betting-exchange-vs-sportsbook/
orbitxch.com,"""betting exchange""",searxng_html,8,2026-08-07T16:39:16.877409+00:00,https://www.orbitxch.com/
oddsshopper.com,"""betting exchange""",searxng_html,12,2026-08-07T16:39:16.877409+00:00,https://www.oddsshopper.com/articles/betting-101/what-is-a-betting-exchange
jameshfisher.com,"""betting exchange""",searxng_html,16,2026-08-07T16:39:16.877409+00:00,https://jameshfisher.com/2019/03/31/what-is-a-betting-exchange/
medium.com,"""betting exchange""",searxng_html,17,2026-08-07T16:39:16.877409+00:00,https://tradematesports.medium.com/what-is-a-betting-exchange-and-how-do-they-work-f7e73a1f5a14
piwi247.com,"""betting exchange""",searxng_html,19,2026-08-07T16:39:16.877409+00:00,https://www.piwi247.com/en/bettingexchange/
ic360.io,"""betting exchange""",searxng_html,11,2026-08-07T16:39:16.877409+00:00,https://ic360.io/page/https-www-oddsoncompliance-com-how-exchange-wagering-enhances-the-sports-betting-ecosystem
betdaq.com,"""betting exchange""",searxng_html,13,2026-08-07T16:39:16.877409+00:00,https://www.betdaq.com/
betsperts.com,"""betting exchange""",searxng_html,16,2026-08-07T16:39:16.877409+00:00,https://www.betsperts.com/news/sports-betting-guides/betting-exchange/
betting-brokerage.com,"""betting exchange""",searxng_html,18,2026-08-07T16:39:16.877409+00:00,https://betting-brokerage.com/betting-exchanges/
stackexchange.com,"""betting exchange""",searxng_html,19,2026-08-07T16:39:16.877409+00:00,https://quant.stackexchange.com/questions/708/predicting-price-movements-on-a-betting-exchange
bettoredge.com,"""betting exchange""",searxng_html,20,2026-08-07T16:39:16.877409+00:00,https://www.bettoredge.com/post/best-betting-exchanges-in-the-us
ycombinator.com,"""betting exchange""",searxng_html,21,2026-08-07T16:39:16.877409+00:00,https://news.ycombinator.com/item?id=42548328
overunderdc.com,"""betting exchange""",searxng_html,30,2026-08-07T16:39:16.877409+00:00,https://overunderdc.com/f/betting-exchanges-vs-sportsbooks-pros-and-cons
betherosports.com,"""betting exchange""",searxng_html,22,2026-08-07T16:39:16.877409+00:00,https://betherosports.com/blog/best-betting-exchanges
betdex.com,"""betting exchange""",searxng_html,23,2026-08-07T16:39:16.877409+00:00,https://www.betdex.com/
solanacompass.com,"""betting exchange""",searxng_html,24,2026-08-07T16:39:16.877409+00:00,https://solanacompass.com/projects/betdex
squawka.com,"""betting exchange""",searxng_html,25,2026-08-07T16:39:16.877409+00:00,https://www.squawka.com/en/bet/betting-sites/betting-exchange/
msgnetworks.com,"""betting exchange""",searxng_html,27,2026-08-07T16:39:16.877409+00:00,https://www.msgnetworks.com/content-packages/the-betting-exchange/
njbiz.com,"""betting exchange""",searxng_html,30,2026-08-07T16:39:16.877409+00:00,https://njbiz.com/nations-first-peer-to-peer-sports-betting-exchange-launches-in-nj/
moneypuck.com,"""betting odds""",searxng_html,6,2026-08-07T16:39:16.877409+00:00,https://moneypuck.com/calculator.htm
fastbreakbets.com,"""betting odds""",searxng_html,18,2026-08-07T16:39:16.877409+00:00,https://www.fastbreakbets.com/sports-betting-101/sports-betting-odds-what-does-110-mean/
bettingpros.com,"""betting odds""",searxng_html,23,2026-08-07T16:39:16.877409+00:00,https://www.bettingpros.com/articles/how-to-understand-sports-betting-odds/
gearbrain.com,"""betting odds""",searxng_html,25,2026-08-07T16:39:16.877409+00:00,https://www.gearbrain.com/sports-betting-odds-explained-2671315128.html
skrill.com,"""betting odds""",searxng_html,27,2026-08-07T16:39:16.877409+00:00,https://www.skrill.com/en-us/skrill-news/gaming/moneyline-odds-in-sports-betting-explained/
netlingo.com,"""betting odds""",searxng_html,30,2026-08-07T16:39:16.877409+00:00,https://www.netlingo.com/tips/what-do-betting-odds-mean-comprehensive-guide-for-beginners.php
comparenbet.org,"""betting odds""",searxng_html,23,2026-08-07T16:39:16.877409+00:00,https://comparenbet.org/guide-odds-explained
athlonsports.com,"""betting odds""",searxng_html,27,2026-08-07T16:39:16.877409+00:00,https://athlonsports.com/betting/how-to-read-sports-betting-odds
zengo.com,"""betting odds""",searxng_html,29,2026-08-07T16:39:16.877409+00:00,https://zengo.com/blog/predictions/betting-odds-explained-for-beginners/
livech.com,online casino,searxng_html,11,2026-08-07T16:39:16.877409+00:00,https://www.livech.com/en/maryland/casino-and-gaming/play-live-online-casino
ct.gov,online casino,searxng_html,14,2026-08-07T16:39:16.877409+00:00,https://portal.ct.gov/gaming/knowledge-base/articles/websites-and-apps
njoag.gov,online casino,searxng_html,16,2026-08-07T16:39:16.877409+00:00,https://www.njoag.gov/about/divisions-and-offices/division-of-gaming-enforcement-home/internet-gaming-sites/
caesarspalaceonline.com,online casino,searxng_html,20,2026-08-07T16:39:16.877409+00:00,https://caesarspalaceonline.com/pa/
kick.com,online casino,searxng_html,12,2026-08-07T16:39:16.877409+00:00,https://kick.com/category/slots
foxwoods.com,online casino,searxng_html,15,2026-08-07T16:39:16.877409+00:00,https://foxwoods.com/game/draftkings-online-casino
hardrock.com,online casino,searxng_html,17,2026-08-07T16:39:16.877409+00:00,https://seminole.hardrock.com/
flasr.com,online casino,searxng_html,20,2026-08-07T16:39:16.877409+00:00,https://www.flasr.com/best-sweeps
angeanblog.com,online casino,searxng_html,21,2026-08-07T16:39:16.877409+00:00,https://www.angeanblog.com/best-list/
greenwood-management.com,online casino,searxng_html,23,2026-08-07T16:39:16.877409+00:00,https://www.greenwood-management.com/goat-rated/
bettom.com,online casino,searxng_html,24,2026-08-07T16:39:16.877409+00:00,https://www.bettom.com/en/casino
xeniosystems.com,online casino,searxng_html,26,2026-08-07T16:39:16.877409+00:00,https://xeniosystems.com/cali-sites
mrgreen.com,online casino,searxng_html,28,2026-08-07T16:39:16.877409+00:00,https://www.mrgreen.com/
betvictor.com,online casino,searxng_html,29,2026-08-07T16:39:16.877409+00:00,https://www.betvictor.com/en-ca/casino
revocasino.com,online casino,searxng_html,30,2026-08-07T16:39:16.877409+00:00,https://revocasino.com/gaming/
hltv.org,online casino,searxng_html,23,2026-08-07T16:39:16.877409+00:00,https://www.hltv.org/betting/online-casinos
dailymotion.com,online casino,searxng_html,26,2026-08-07T16:39:16.877409+00:00,https://www.dailymotion.com/video/x9c4wpi
betocean.com,online casino,searxng_html,27,2026-08-07T16:39:16.877409+00:00,https://www.betocean.com/home-betocean-online-casino
mardigrascasinowv.com,online casino,searxng_html,28,2026-08-07T16:39:16.877409+00:00,https://www.mardigrascasinowv.com/casino/online-casino/
riverscasino.com,online casino,searxng_html,29,2026-08-07T16:39:16.877409+00:00,https://www.riverscasino.com/philadelphia/casino
luckster.com,directory_aggregator,playwright_directory_crawler,1,2026-08-07T16:39:16.877409+00:00,directory_scraper
altaris.bet,directory_aggregator,playwright_directory_crawler,1,2026-08-07T16:39:16.877409+00:00,directory_scraper
arcticbet.com,directory_aggregator,playwright_directory_crawler,1,2026-08-07T16:39:16.877409+00:00,directory_scraper
mundoapostas42.com,directory_aggregator,playwright_directory_crawler,1,2026-08-07T16:39:16.877409+00:00,directory_scraper
goldenplay.com,directory_aggregator,playwright_directory_crawler,1,2026-08-07T16:39:16.877409+00:00,directory_scraper
jawhara.bet,directory_aggregator,playwright_directory_crawler,1,2026-08-07T16:39:16.877409+00:00,directory_scraper
top10casinos.cl,directory_aggregator,playwright_directory_crawler,1,2026-08-07T16:39:16.877409+00:00,directory_scraper
rocketbet.com,directory_aggregator,playwright_directory_crawler,1,2026-08-07T16:39:16.877409+00:00,directory_scraper
thunderstruck.media,directory_aggregator,playwright_directory_crawler,1,2026-08-07T16:39:16.877409+00:00,directory_scraper
rooster.bet,directory_aggregator,playwright_directory_crawler,1,2026-08-07T16:39:16.877409+00:00,directory_scraper
euro88kor.com,directory_aggregator,playwright_directory_crawler,1,2026-08-07T16:39:16.877409+00:00,directory_scraper
cazimbo.com,directory_aggregator,playwright_directory_crawler,1,2026-08-07T16:39:16.877409+00:00,directory_scraper
connexontario.ca,directory_aggregator,playwright_directory_crawler,1,2026-08-07T16:39:16.877409+00:00,directory_scraper
wallacebet.com,directory_aggregator,playwright_directory_crawler,1,2026-08-07T16:39:16.877409+00:00,directory_scraper
spinanga.com,directory_aggregator,playwright_directory_crawler,1,2026-08-07T16:39:16.877409+00:00,directory_scraper
placebet.co.uk,directory_aggregator,playwright_directory_crawler,1,2026-08-07T16:39:16.877409+00:00,directory_scraper
fintmi2.com,directory_aggregator,playwright_directory_crawler,1,2026-08-07T16:39:16.877409+00:00,directory_scraper
cwinz.com,directory_aggregator,playwright_directory_crawler,1,2026-08-07T16:39:16.877409+00:00,directory_scraper
q88bets.com,directory_aggregator,playwright_directory_crawler,1,2026-08-07T16:39:16.877409+00:00,directory_scraper
responsiblegambling.org,directory_aggregator,playwright_directory_crawler,1,2026-08-07T16:39:16.877409+00:00,directory_scraper
500.casino,directory_aggregator,playwright_directory_crawler,1,2026-08-07T16:39:16.877409+00:00,directory_scraper
slotmonster.com,directory_aggregator,playwright_directory_crawler,1,2026-08-07T16:39:16.877409+00:00,directory_scraper
gamstop.co.uk,directory_aggregator,playwright_directory_crawler,1,2026-08-07T16:39:16.877409+00:00,directory_scraper
beatbet.com,directory_aggregator,playwright_directory_crawler,1,2026-08-07T16:39:16.877409+00:00,directory_scraper
ninecasino.com,directory_aggregator,playwright_directory_crawler,1,2026-08-07T16:39:16.877409+00:00,directory_scraper
supacasi.io,directory_aggregator,playwright_directory_crawler,1,2026-08-07T16:39:16.877409+00:00,directory_scraper
coolbet.com,directory_aggregator,playwright_directory_crawler,1,2026-08-07T16:39:16.877409+00:00,directory_scraper
gambleaware.org,directory_aggregator,playwright_directory_crawler,1,2026-08-07T16:39:16.877409+00:00,directory_scraper
24casino.com,directory_aggregator,playwright_directory_crawler,1,2026-08-07T16:39:16.877409+00:00,directory_scraper
betstro.com,directory_aggregator,playwright_directory_crawler,1,2026-08-07T16:39:16.877409+00:00,directory_scraper
morospin.com,directory_aggregator,playwright_directory_crawler,1,2026-08-07T16:39:16.877409+00:00,directory_scraper
casinoinfinity.com,directory_aggregator,playwright_directory_crawler,1,2026-08-07T16:39:16.877409+00:00,directory_scraper
gamban.com,directory_aggregator,playwright_directory_crawler,1,2026-08-07T16:39:16.877409+00:00,directory_scraper
kingbetting.com,directory_aggregator,playwright_directory_crawler,1,2026-08-07T16:39:16.877409+00:00,directory_scraper
riseofbets.com,directory_aggregator,playwright_directory_crawler,1,2026-08-07T16:39:16.877409+00:00,directory_scraper
rainbet.com,directory_aggregator,playwright_directory_crawler,1,2026-08-07T16:39:16.877409+00:00,directory_scraper
chipstars.bet,directory_aggregator,playwright_directory_crawler,1,2026-08-07T16:39:16.877409+00:00,directory_scraper
gamcare.org.uk,directory_aggregator,playwright_directory_crawler,1,2026-08-07T16:39:16.877409+00:00,directory_scraper
placard.pt,directory_aggregator,playwright_directory_crawler,1,2026-08-07T16:39:16.877409+00:00,directory_scraper
casinova.com,directory_aggregator,playwright_directory_crawler,1,2026-08-07T16:39:16.877409+00:00,directory_scraper
lvbet.com,directory_aggregator,playwright_directory_crawler,1,2026-08-07T16:39:16.877409+00:00,directory_scraper
betsafe.com,directory_aggregator,playwright_directory_crawler,1,2026-08-07T16:39:16.877409+00:00,directory_scraper
winamax.fr,directory_aggregator,playwright_directory_crawler,1,2026-08-07T16:39:16.877409+00:00,directory_scraper
legiano.com,directory_aggregator,playwright_directory_crawler,1,2026-08-07T16:39:16.877409+00:00,directory_scraper
20bet.com,directory_aggregator,playwright_directory_crawler,1,2026-08-07T16:39:16.877409+00:00,directory_scraper
koraex2.com,directory_aggregator,playwright_directory_crawler,1,2026-08-07T16:39:16.877409+00:00,directory_scraper
reddice.com,directory_aggregator,playwright_directory_crawler,1,2026-08-07T16:39:16.877409+00:00,directory_scraper
https://boomerang-bet.com/en/,,,,,
https://casinomaxim.com/,,,,,
https://casinova.com/en/,,,,,
https://www.vemabet.com/,,,,,
https://m.bahigo.com/?fwd=true#en/home,,,,,
https://wepari-1752.pro/en,,,,,
https://hitnspin.com/en,,,,,
https://icecasino.com/en,,,,,
https://www.fenixbet.ee/,,,,,
https://betandreas.com/,,,,,
https://fswin.com/casino/,,,,,
https://ybets.net/,,,,,
https://royalistplay.com/sports,,,,,
https://fairpari.com/en,,,,,
https://sportcenterbetting.com/sports,,,,,
https://m.wgo247.com/?fwd=true#de/home,,,,,
https://www.ne-bet.com/,,,,,
https://www.kikobet23.com/en-gb/sportsbook,,,,,
https://silverplay.com/,,,,,
https://www.betcris.com/,,,,,
https://goldenplay.com/,,,,,
https://amunra.com/en/,,,,,
https://m.247bgo.com/?fwd=true#en/home,,,,,
https://www.mondcasino.com/,,,,,
https://nitrobetcasino.com/,,,,,
https://chipstars.bet/en,,,,,
https://pribet.com/,,,,,
https://www.mundoapostas42.com/sportsbook#/overview,,,,,
https://nordscasino.com/,,,,,
https://wikiluck.com/,,,,,
https://spininio.com/,,,,,
https://www.bet16.com/,,,,,
https://betoranje.com/en,,,,,
https://chfr.wettigo.com/,,,,,
https://kazandra.com/,,,,,
https://spelet.lv/en,,,,,
https://slottojam23.com/en-gb/sportsbook,,,,,
https://5bet.com/en,,,,,
https://www.yeticasino.com/en/index,,,,,
https://flush.com/,,,,,
https://rocketbet.com/,,,,,
https://www.circusbet.fr/,,,,,
https://www.placard.pt/,,,,,
https://www.nordicbet.com/maintenance-pages/default/country-blocked.html,,,,,
https://teams.live.com/dl/launcher/launcher.html?url=%2F_%23%2Fl%2Finvite%2FFEA806GZeqJYSGZpxc%3Fv%3Dg1&type=invite&deeplinkId=181dc50b-86a8-4841-8ff8-30adf1062b87&directDl=true&msLaunch=true&enableMobilePage=true,,,,,
https://altaris.bet/,,,,,
https://gladiatorsbet35.com/,,,,,
https://lastchanceslots.io/,,,,,
https://www.sultanbet.com/sul-unsupported-countries-page,,,,,
https://jackpotter.com/hi,,,,,
https://duckdice.io/,,,,,
https://www.hypercasino.com/en/index,,,,,
https://taikaspins.com/,,,,,
https://polestarcasino.com/,,,,,
https://rcasino45.com/,,,,,
https://wonclub.com/,,,,,
https://www.india12.com/en,,,,,
https://casinoist.com/,,,,,
https://betizy.io/,,,,,
https://luckykoala.com/,,,,,
https://monoplay.com/,,,,,
https://turbosven45.com/,,,,,
https://reelraven45.io/,,,,,
https://dream.bet/sports,,,,,
https://www.q88bets.com/,,,,,
https://www.partypoker.com/en/poker,,,,,
https://www.northstarbets.com/,,,,,
https://supabet.com/en/,,,,,
https://sgcasino.com/en/,,,,,
https://novbet.com/,,,,,
https://rtbet.com/en/,,,,,
https://jasminslots66.com/,,,,,
https://thevault.ag/,,,,,
https://www.gamebookers.com/en/sports,,,,,
https://www.betsmith.com/maintenance-pages/default/country-blocked.html,,,,,
https://malinacasino.com/en/,,,,,
https://betico.io/,,,,,
https://sbethub4357.com/en,,,,,
https://luckybet.lv/lv,,,,,
https://bassbet.com/en/,,,,,
https://powbet.com/en/,,,,,
https://sven-play.com/,,,,,
https://bizbet.io/en,,,,,
https://frenzino.io/,,,,,
https://www.mozzart.com/en,,,,,
https://www.winbitcasino.com/,,,,,
https://www.mrben.com/,,,,,
https://banglabet88bd123.com/,,,,,
https://www.dmca.com/Protection/Status.aspx?ID=d93d3a79-7b95-4bdb-953b-97ed4962794e&refurl=https%3A%2F%2Flistofallbookmakers.com%2F,,,,,
https://duelbet.com/en,,,,,
https://tennisi.pro/,,,,,
https://wingaga.com/,,,,,
https://billybets.com/en/,,,,,
https://peakbet.io/,,,,,
https://www.hilarionbet533.com/,,,,,
https://piratepots45.io/,,,,,
https://m.bhggold.com/?fwd=true#en/home,,,,,
https://lunabet.com/main/,,,,,
https://bm.bet/,,,,,
https://bzeebet.com/,,,,,
https://lvbet.com/casino/,,,,,
https://spinbookie.io/,,,,,
https://timebet.com/,,,,,
https://www.arcticcasino.com/inen-IN,,,,,
https://www.sportingbet.com/en/sports,,,,,
https://www.cwinz.com/en/,,,,,
https://wageon.io/,,,,,
https://kingmaker.com/en/,,,,,
https://spinplatinum.com/,,,,,
https://interbet.com/,,,,,
https://betrixcasino.io/,,,,,
https://fieryplay.com/en,,,,,
https://www.myriadplay.com/,,,,,
https://olympusbet.com/,,,,,
https://betongame-4937.top/en,,,,,
https://www.heyspin.com/,,,,,
https://spybet.com/,,,,,
https://stonevegas.com/,,,,,
https://www.yokocasino.com/,,,,,
https://kheli.bet/,,,,,
https://www.55bet.com/en-UN,,,,,
https://crazybet.com/,,,,,
https://tikalcasino.com/casino/en/,,,,,
https://www.cashwin.com/,,,,,
https://lil.bet/en,,,,,
https://www.betsolid.com/maintenance-pages/default/country-blocked.html,,,,,
https://baloo.bet/,,,,,
https://www.winsly.com/,,,,,
https://evobet365.com/,,,,,
https://betplays.com/en,,,,,
https://likes.bet/,,,,,
https://www.30bet.com/en-UN,,,,,
https://www.bahislion.com/,,,,,
https://www.solverde.pt/,,,,,
https://21.red/,,,,,
https://www.80bet.com/,,,,,
https://no.lilibet27.com/,,,,,
https://casabet.io/,,,,,
https://betss.com/,,,,,
https://betpay24.com/en/block,,,,,
https://elonsport.com/casino/,,,,,
https://www.letslucky.com/en-CA/entry,,,,,
https://kavbet.com/,,,,,
https://olymp.casino/,,,,,
https://sombrerospins.io/,,,,,
https://treasurespins58.com/,,,,,
https://tomi30.com/en/home,,,,,
https://spintexas70.com/,,,,,
https://www.brawlbits.com/,,,,,
https://spinnycasino.com/,,,,,
https://blockdag.com/,,,,,
https://betpari.com/en,,,,,
https://www.maksibet.com/,,,,,
https://vulkanvegas.com/en,,,,,
https://m.bgogold.com/?fwd=true#de/home,,,,,
https://luckygans.com/,,,,,
https://kaleocasino16.com/,,,,,
https://citinow.co/,,,,,
https://betsamigo.com/,,,,,
https://zizobet.com/,,,,,
https://luckleopard83.io/,,,,,
https://ronybets.com/en/home,,,,,
https://supacasi.io/,,,,,
https://luckytrunk.io/,,,,,
https://jacktop.com/,,,,,
https://www.mrluck.com/,,,,,
https://legiano.com/en/,,,,,
https://www.lugarbet1.com/,,,,,
https://bookofcasino.net/,,,,,
https://www.betovo.com/,,,,,
https://www.slotowl.com/,,,,,
https://pinup-play.com/,,,,,
https://lunubet.com/,,,,,
https://topspins88.io/en,,,,,
https://campeonbet.io/,,,,,
https://www.betfusion.com/,,,,,
https://wizebets.com/,,,,,
https://onyxbet.com/en,,,,,
https://thunderpick.io/,,,,,
https://bankonbet.com/en/,,,,,
https://coldbet.com/en,,,,,
https://www.betsafe.com/maintenance-pages/default/country-blocked.html,,,,,
https://fano.bet/,,,,,
https://yonibet.fm/,,,,,
https://casinowinbig.com/,,,,,
https://www.savibet.com/,,,,,
https://www.blockbet.gg/en,,,,,
https://www.betsio.com/,,,,,
https://vivatbet.ee/en/block,,,,,
https://www.mrgreen.com/regulation/restricted/,,,,,
https://www.placebet.co.uk/,,,,,
https://www.24casino.com/,,,,,
https://www.partycasino.com/en/games,,,,,
https://www.xprobet.com/blocked.html,,,,,
https://www.goldenpark.pt/,,,,,
https://24slots.com/online-casino,,,,,
https://betjam.com/en,,,,,
https://m.bahigo.com/#en/home,,,,,
https://batery-bets.com/?affijet-click=u878f3d613f0c498ab23d3b02a0e55a24&deepLink=%7B%22alias%22%3A%22start_auth_process%22%2C%22promoAlias%22%3A%22nhl-season25-26%22%7D&partner_id=21412&utm_medium=affiliate&sub_2=%7Brd%7D,,,,,
https://www.gatobet.com/,,,,,
https://xparibet.com/en,,,,,
https://lama.playtraff.com/,,,,,
https://betstro.com/,,,,,
https://casinoandyou.com/,,,,,
https://beatbet.com/en/block,,,,,
https://www.nobonuscasino.com/en/index,,,,,
https://sports.tipico.com/%5D,,,,,
https://rizzio.io/,,,,,
https://jawhara.bet/,,,,,
https://dragobet.com/,,,,,
https://sport.joker.lv/,,,,,
https://spinoli.com/,,,,,
https://newkingcasino.io/,,,,,
https://playfina.com/en/,,,,,
https://casinoinfinity.com/,,,,,
https://winerzz4.com/,,,,,
https://www.aryanbet.com/blocked.html,,,,,
https://zuno.bet/,,,,,
https://www.casinomega.com/mega-unsupported-countries-page,,,,,
https://sportempire.com/sports,,,,,
https://www.mrrun.com/,,,,,
https://foggybet.com/,,,,,
https://quickwin.com/en/,,,,,
https://vegasino.com/en/,,,,,
https://naobet.com/en/,,,,,
https://jettbet.com/en,,,,,
https://www.zotabet.com/,,,,,
https://yugibet.com/,,,,,
https://spinrollz.com/,,,,,
https://felicebet.com/,,,,,
https://welcome10bet.com/restricted_note_br/index.html,,,,,
https://www.kbo.bet/,,,,,
https://dicey.com/casino,,,,,
https://betalright.com/en/,,,,,
https://wettson7.com/,,,,,
https://betmorph.com/,,,,,
https://www.jitabet.cloud/,,,,,
https://slotuna.com/,,,,,
https://greenluck.com/,,,,,
https://www.stakeboss.com/en,,,,,
https://ultrapari-928741.top/en,,,,,
https://www.betsteve.com/,,,,,
https://aladins.lv/,,,,,
https://mr.bet/,,,,,
https://www.bets.io/,,,,,
https://melbet.com/en,,,,,
https://www.playwins.com/,,,,,
https://trapcasino.bet/,,,,,
https://www.betwiz.co/,,,,,
https://tonybet.com/en,,,,,
https://olybet.com/,,,,,
https://www.arcticbet.com/maintenance-pages/default/country-blocked.html,,,,,
https://festivalplay.com/,,,,,
https://sportuna.com/,,,,,
https://bonusbet.com/,,,,,
https://looniegold.com/,,,,,
https://nalucasino.io/,,,,,
https://fezbet.com/en/,,,,,
https://www.genybet.fr/,,,,,
https://allyspin.com/en/,,,,,
https://www.jeffbet.com/,,,,,
https://ohmyzino.com/,,,,,
https://www.casinocasino.com/en/index,,,,,
https://www.betdukes.com/,,,,,
https://nakitbahis.com/,,,,,
https://jabibet.com/casino/,,,,,
https://kingbetting.com/,,,,,
https://playfastcasino12.com/,,,,,
https://www.huhubet878.com/,,,,,
https://emberbet83.io/,,,,,
https://jeevybet.com/,,,,,
https://spinalto.com/,,,,,
https://blindluck.io/,,,,,
https://n1bet.com/,,,,,
https://booty.bet/sport,,,,,
https://www.betscreamer.com/,,,,,
https://www.betarno.com/,,,,,
https://chesnok.bet/,,,,,
https://tiktakbet.com/,,,,,
https://akibawin.io/,,,,,
https://www.pumabet.com/en/,,,,,
https://casinocharles.io/,,,,,
https://www.betibet.com/blocked?countryName=IN,,,,,
https://casinoloots.com/,,,,,
https://casinia.com/en/,,,,,
https://betriot.com/en/,,,,,
https://m.wettigopay.com/?fwd=true#de/home,,,,,
https://vamoplay.com/,,,,,
https://m.kakeyo.com/?fwd=true#en/home,,,,,
https://immerion4.com/,,,,,
https://www.clutch.app/,,,,,
https://m.bahibi.com/?fwd=true#en/home,,,,,
https://jb.com/,,,,,
https://mavibet.com/,,,,,
https://fiestaslots45.com/,,,,,
https://beonbet.com/,,,,,
https://palmslots.com/,,,,,
https://www.luckcity.com/,,,,,
https://finalcountdown.io/,,,,,
https://winwin-80213.pro/en,,,,,
https://www.sweatbet.io/,,,,,
https://scibet.io/,,,,,
https://www.racecasino.com/en/index,,,,,
https://spinanga.com/en/,,,,,
https://turboslot.com/,,,,,
https://www.stbet.com/,,,,,
https://trinocasino.com/,,,,,
https://sonsofslots.com/,,,,,
http://betadonis.com/,,,,,
https://nomini.com/en/,,,,,
https://www.vegazcasino.com/,,,,,
https://www.superbahis.com/,,,,,
https://cashed.com/en/,,,,,
https://zuluspins34.com/,,,,,
https://21bets.io/,,,,,
https://vicibet.com/,,,,,
https://www.joyjili.com/,,,,,
https://www.imperia.bet/,,,,,
https://www.reloadbet85.com/en-gb/sportsbook,,,,,
https://www.21luckybet.com/,,,,,
https://dealbet.io/,,,,,
https://myez8.com/en-my,,,,,
https://kira222.com/en/home,,,,,
https://wallacebet.com/,,,,,
https://lolocasino.com/,,,,,
https://andromedasino83.com/,,,,,
https://www.optimbet8.com/sportsbook,,,,,
https://win.casino/,,,,,
https://win.bet/,,,,,
