domain,
getb8.us,getb8.us
gamblingchooser.com,gamblingchooser.com
getbets.us,getbets.us
gamblingmeter.net,gamblingmeter.net
gamblingsage.org,gamblingsage.org
draftkings.com,draftkings.com
opengambling.co,opengambling.co
casinosns.com,casinosns.com
poki.com,poki.com
wikipedia.org,wikipedia.org
pokerstars.com,pokerstars.com
betmgm.com,betmgm.com
casino.org,casino.org
gamblingauthority.org,gamblingauthority.org
fanduel.com,fanduel.com
bonus.com,bonus.com
online-gambling.com,online-gambling.com
onlinegamblingme.com,onlinegamblingme.com
sportsline.com,sportsline.com
goldennuggetcasino.com,goldennuggetcasino.com
legalsportsreport.com,legalsportsreport.com
reddit.com,reddit.com
metrotimes.com,metrotimes.com
wa.gov,wa.gov
con-space.com,con-space.com
northeasttimes.com,northeasttimes.com
americangaming.org,americangaming.org
gambling.com,gambling.com
mdgaming.com,mdgaming.com
responsibleonlinegaming.org,responsibleonlinegaming.org
baseballamerica.com,baseballamerica.com
apple.com,apple.com
rotowire.com,rotowire.com
quora.com,quora.com
bovada.lv,bovada.lv
pogo.com,pogo.com
ca.gov,ca.gov
fourwindscasino.com,fourwindscasino.com
jhu.edu,jhu.edu
pokerstrategy.com,pokerstrategy.com
gamblersanonymous.org,gamblersanonymous.org
legacyrecoverycenter.com,legacyrecoverycenter.com
globallawexperts.com,globallawexperts.com
windcreekcasino.com,windcreekcasino.com
cardplayer.com,cardplayer.com
altenar.com,altenar.com
mohegansun.com,mohegansun.com
casino.guru,casino.guru
colorado.gov,colorado.gov
sportsbetting.ag,sportsbetting.ag
oasisgambling.com,oasisgambling.com
betway.com,betway.com
sportsbettingdime.com,sportsbettingdime.com
espn.com,espn.com
actionnetwork.com,actionnetwork.com
investopedia.com,investopedia.com
sportsbettingalliance.org,sportsbettingalliance.org
northwestern.edu,northwestern.edu
ebsco.com,ebsco.com
britannica.com,britannica.com
foxsports.com,foxsports.com
congress.gov,congress.gov
spiritmountain.com,spiritmountain.com
spokanetribecasino.com,spokanetribecasino.com
siena.edu,siena.edu
circasports.com,circasports.com
usatoday.com,usatoday.com
theseminolecasinos.com,theseminolecasinos.com
sportsinsights.com,sportsinsights.com
covers.com,covers.com
williamhill.us,williamhill.us
prairiemeadows.com,prairiemeadows.com
parxcasino.com,parxcasino.com
turningstone.com,turningstone.com
hollywoodgulfcoast.com,hollywoodgulfcoast.com
humankinetics.com,humankinetics.com
columbuscrew.com,columbuscrew.com
ncaa.org,ncaa.org
northernquest.com,northernquest.com
saracenresort.com,saracenresort.com
sportsbettingoperator.com,sportsbettingoperator.com
mytopsportsbooks.com,mytopsportsbooks.com
freep.com,freep.com
hudsonriverblue.com,hudsonriverblue.com
twinspires.com,twinspires.com
cbssports.com,cbssports.com
eppc.org,eppc.org
rg.org,rg.org
elitesportsny.com,elitesportsny.com
prove.com,prove.com
sailgp.com,sailgp.com
bet365.com,bet365.com
pbs.org,pbs.org
sbu.edu,sbu.edu
nih.gov,nih.gov
wsn.com,wsn.com
drf.com,drf.com
tampabaydowns.com,tampabaydowns.com
raceruidoso.com,raceruidoso.com
transfermarkt.us,transfermarkt.us
getgameon.com,getgameon.com
hardrock.bet,hardrock.bet
thed.com,thed.com
swaggermagazine.com,swaggermagazine.com
syracuse.com,syracuse.com
protectborrowers.org,protectborrowers.org
utk.edu,utk.edu
betfanatics.com,betfanatics.com
onlinebetting.com,onlinebetting.com
sportshandle.com,sportshandle.com
livescore.com,livescore.com
newgamenetwork.com,newgamenetwork.com
oddstrader.com,oddstrader.com
mashable.com,mashable.com
bettingusa.com,bettingusa.com
nebraskapublicmedia.org,nebraskapublicmedia.org
anybet.com,anybet.com
top100bookmakers.com,top100bookmakers.com
yahoo.com,yahoo.com
vegasinsider.com,vegasinsider.com
caesars.com,caesars.com
ladbrokes.com,ladbrokes.com
bet2invest.com,bet2invest.com
fishduck.com,fishduck.com
si.com,si.com
circalasvegas.com,circalasvegas.com
pinnacle.com,pinnacle.com
mybluehost.me,mybluehost.me
sportsinsider.com,sportsinsider.com
borgataonline.com,borgataonline.com
site.com,site.com
al.com,al.com
vsin.com,vsin.com
wagertalk.com,wagertalk.com
donbest.com,donbest.com
madduxsports.com,madduxsports.com
rotogrinders.com,rotogrinders.com
sharpfootballanalysis.com,sharpfootballanalysis.com
stake.com,stake.com
sbo.net,sbo.net
deadspin.com,deadspin.com
next.io,next.io
oddschecker.com,oddschecker.com
thelines.com,thelines.com
oddsjam.com,oddsjam.com
greatbridgelinks.com,greatbridgelinks.com
london.bet,london.bet
trustpilot.com,trustpilot.com
betrino.com,betrino.com
wizardofvegas.com,wizardofvegas.com
ballybet.com,ballybet.com
ivybet.com,ivybet.com
primesportsbook.com,primesportsbook.com
aol.com,aol.com
oddsmatrix.com,oddsmatrix.com
yougov.com,yougov.com
netbet.com,netbet.com
oddspedia.com,oddspedia.com
fivereasonssports.com,fivereasonssports.com
dimers.com,dimers.com
matchbook.com,matchbook.com
dataintelo.com,dataintelo.com
cricketworld.com,cricketworld.com
odds96.com,odds96.com
therundown.io,therundown.io
linkedin.com,linkedin.com
sigma.world,sigma.world
ndtv.com,ndtv.com
springer.com,springer.com
cloudsek.com,cloudsek.com
spotify.com,spotify.com
facebook.com,facebook.com
ats.io,ats.io
snapchat.com,snapchat.com
affnook.com,affnook.com
bc.game,bc.game
transfermarkt.com,transfermarkt.com
sports-king.com,sports-king.com
weareiowa.com,weareiowa.com
audiomack.com,audiomack.com
unl.edu,unl.edu
tribuna.com,tribuna.com
thesportsnewsblitz.com,thesportsnewsblitz.com
betwinner.com,betwinner.com
cricketbetsites.com,cricketbetsites.com
strafe.com,strafe.com
betexchangeid.com,betexchangeid.com
nostrabet.com,nostrabet.com
deccanherald.com,deccanherald.com
dubaiexch247.co,dubaiexch247.co
cricketweb.net,cricketweb.net
thepunterspage.com,thepunterspage.com
geniussports.com,geniussports.com
sportsboom.com,sportsboom.com
africapicks.com,africapicks.com
online-cricket-betting.com,online-cricket-betting.com
cricketbettips.com,cricketbettips.com
live-cricket-betting.com,live-cricket-betting.com
johnnybet.com,johnnybet.com
casinoceo.com,casinoceo.com
pnllbaseball.com,pnllbaseball.com
reddybookclube.com,reddybookclube.com
kheloyarr.live,kheloyarr.live
8teen.app,8teen.app
ec99.vin,ec99.vin
11pkr.bet,11pkr.bet
active8.bet,active8.bet
92dado.org,92dado.org
btpro.pro,btpro.pro
4six.ws,4six.ws
388wen.org,388wen.org
hot880.bar,hot880.bar
bdt11.io,bdt11.io
six6es.org,six6es.org
worldofspin.com,worldofspin.com
222dk.io,222dk.io
click5.bet,click5.bet
140app.net,140app.net
200mm.net,200mm.net
c25.pro,c25.pro
sportbet.page,sportbet.page
1zon.bet,1zon.bet
n810.net,n810.net
betproexchapp.com,betproexchapp.com
papp.bet,papp.bet
m7522.com,m7522.com
on14.org,on14.org
hoopheadspod.com,hoopheadspod.com
sportradar.com,sportradar.com
substack.com,substack.com
bookmaker.eu,bookmaker.eu
sportytrader.com,sportytrader.com
gamblinginsider.com,gamblinginsider.com
x.com,x.com
livescorebet.com,livescorebet.com
blaze.today,blaze.today
pinnacleoddsdropper.com,pinnacleoddsdropper.com
bitcointalk.org,bitcointalk.org
oddsindex.com,oddsindex.com
boothillcasino.com,boothillcasino.com
thunderpick.io,thunderpick.io
wizardraceandsports.com,wizardraceandsports.com
nytimes.com,nytimes.com
sportsboom.us,sportsboom.us
fantasylife.com,fantasylife.com
leans.ai,leans.ai
pokerscout.com,pokerscout.com
unabated.com,unabated.com
smarkets.com,smarkets.com
cambridge.org,cambridge.org
sbgglobal.eu,sbgglobal.eu
sciencedirect.com,sciencedirect.com
sbrsport.me,sbrsport.me
compareabookie.com,compareabookie.com
scribd.com,scribd.com
concentrix.com,concentrix.com
augustafreepress.com,augustafreepress.com
uplatform.com,uplatform.com
theconversation.com,theconversation.com
anteupmagazine.com,anteupmagazine.com
sbcamericas.com,sbcamericas.com
planetsport.com,planetsport.com
inplaysoft.com,inplaysoft.com
first.com,first.com
homebusinessmag.com,homebusinessmag.com
bettorsden.com,bettorsden.com
arbusers.com,arbusers.com
harvard.edu,harvard.edu
csgoempire.com,csgoempire.com
track360.io,track360.io
footballwhispers.com,footballwhispers.com
profitduel.com,profitduel.com
caanberry.com,caanberry.com
rebelbetting.com,rebelbetting.com
bookie.broker,bookie.broker
gettyimages.com,gettyimages.com
arxiv.org,arxiv.org
betangel.com,betangel.com
amazonaws.com,amazonaws.com
spectrumlocalnews.com,spectrumlocalnews.com
aussiefirebug.com,aussiefirebug.com
1010xl.com,1010xl.com
tradematesports.com,tradematesports.com
nature.com,nature.com
tennismajors.com,tennismajors.com
matchbettingguru.com,matchbettingguru.com
sportbex.com,sportbex.com
equinedge.com,equinedge.com
sx.bet,sx.bet
orbitxch.com,orbitxch.com
oddsshopper.com,oddsshopper.com
jameshfisher.com,jameshfisher.com
medium.com,medium.com
piwi247.com,piwi247.com
ic360.io,ic360.io
betdaq.com,betdaq.com
betsperts.com,betsperts.com
betting-brokerage.com,betting-brokerage.com
stackexchange.com,stackexchange.com
bettoredge.com,bettoredge.com
ycombinator.com,ycombinator.com
overunderdc.com,overunderdc.com
betherosports.com,betherosports.com
betdex.com,betdex.com
solanacompass.com,solanacompass.com
squawka.com,squawka.com
msgnetworks.com,msgnetworks.com
njbiz.com,njbiz.com
moneypuck.com,moneypuck.com
fastbreakbets.com,fastbreakbets.com
bettingpros.com,bettingpros.com
gearbrain.com,gearbrain.com
skrill.com,skrill.com
netlingo.com,netlingo.com
comparenbet.org,comparenbet.org
athlonsports.com,athlonsports.com
zengo.com,zengo.com
livech.com,livech.com
ct.gov,ct.gov
njoag.gov,njoag.gov
caesarspalaceonline.com,caesarspalaceonline.com
kick.com,kick.com
foxwoods.com,foxwoods.com
hardrock.com,hardrock.com
flasr.com,flasr.com
angeanblog.com,angeanblog.com
greenwood-management.com,greenwood-management.com
bettom.com,bettom.com
xeniosystems.com,xeniosystems.com
mrgreen.com,mrgreen.com
betvictor.com,betvictor.com
revocasino.com,revocasino.com
hltv.org,hltv.org
dailymotion.com,dailymotion.com
betocean.com,betocean.com
mardigrascasinowv.com,mardigrascasinowv.com
riverscasino.com,riverscasino.com
luckster.com,luckster.com
altaris.bet,altaris.bet
arcticbet.com,arcticbet.com
mundoapostas42.com,mundoapostas42.com
goldenplay.com,goldenplay.com
jawhara.bet,jawhara.bet
top10casinos.cl,top10casinos.cl
rocketbet.com,rocketbet.com
thunderstruck.media,thunderstruck.media
rooster.bet,rooster.bet
euro88kor.com,euro88kor.com
cazimbo.com,cazimbo.com
connexontario.ca,connexontario.ca
wallacebet.com,wallacebet.com
spinanga.com,spinanga.com
placebet.co.uk,placebet.co.uk
fintmi2.com,fintmi2.com
cwinz.com,cwinz.com
q88bets.com,q88bets.com
responsiblegambling.org,responsiblegambling.org
500.casino,500.casino
slotmonster.com,slotmonster.com
gamstop.co.uk,gamstop.co.uk
beatbet.com,beatbet.com
ninecasino.com,ninecasino.com
supacasi.io,supacasi.io
coolbet.com,coolbet.com
gambleaware.org,gambleaware.org
24casino.com,24casino.com
betstro.com,betstro.com
morospin.com,morospin.com
casinoinfinity.com,casinoinfinity.com
gamban.com,gamban.com
kingbetting.com,kingbetting.com
riseofbets.com,riseofbets.com
rainbet.com,rainbet.com
chipstars.bet,chipstars.bet
gamcare.org.uk,gamcare.org.uk
placard.pt,placard.pt
casinova.com,casinova.com
lvbet.com,lvbet.com
betsafe.com,betsafe.com
winamax.fr,winamax.fr
legiano.com,legiano.com
20bet.com,20bet.com
koraex2.com,koraex2.com
reddice.com,reddice.com
https://boomerang-bet.com/en/,https://boomerang-bet.com/en/
https://casinomaxim.com/,https://casinomaxim.com/
https://casinova.com/en/,https://casinova.com/en/
https://www.vemabet.com/,https://www.vemabet.com/
https://m.bahigo.com/?fwd=true#en/home,https://m.bahigo.com/?fwd=true#en/home
https://wepari-1752.pro/en,https://wepari-1752.pro/en
https://hitnspin.com/en,https://hitnspin.com/en
https://icecasino.com/en,https://icecasino.com/en
https://www.fenixbet.ee/,https://www.fenixbet.ee/
https://betandreas.com/,https://betandreas.com/
https://fswin.com/casino/,https://fswin.com/casino/
https://ybets.net/,https://ybets.net/
https://royalistplay.com/sports,https://royalistplay.com/sports
https://fairpari.com/en,https://fairpari.com/en
https://sportcenterbetting.com/sports,https://sportcenterbetting.com/sports
https://m.wgo247.com/?fwd=true#de/home,https://m.wgo247.com/?fwd=true#de/home
https://www.ne-bet.com/,https://www.ne-bet.com/
https://www.kikobet23.com/en-gb/sportsbook,https://www.kikobet23.com/en-gb/sportsbook
https://silverplay.com/,https://silverplay.com/
https://www.betcris.com/,https://www.betcris.com/
https://goldenplay.com/,https://goldenplay.com/
https://amunra.com/en/,https://amunra.com/en/
https://m.247bgo.com/?fwd=true#en/home,https://m.247bgo.com/?fwd=true#en/home
https://www.mondcasino.com/,https://www.mondcasino.com/
https://nitrobetcasino.com/,https://nitrobetcasino.com/
https://chipstars.bet/en,https://chipstars.bet/en
https://pribet.com/,https://pribet.com/
https://www.mundoapostas42.com/sportsbook#/overview,https://www.mundoapostas42.com/sportsbook#/overview
https://nordscasino.com/,https://nordscasino.com/
https://wikiluck.com/,https://wikiluck.com/
https://spininio.com/,https://spininio.com/
https://www.bet16.com/,https://www.bet16.com/
https://betoranje.com/en,https://betoranje.com/en
https://chfr.wettigo.com/,https://chfr.wettigo.com/
https://kazandra.com/,https://kazandra.com/
https://spelet.lv/en,https://spelet.lv/en
https://slottojam23.com/en-gb/sportsbook,https://slottojam23.com/en-gb/sportsbook
https://5bet.com/en,https://5bet.com/en
https://www.yeticasino.com/en/index,https://www.yeticasino.com/en/index
https://flush.com/,https://flush.com/
https://rocketbet.com/,https://rocketbet.com/
https://www.circusbet.fr/,https://www.circusbet.fr/
https://www.placard.pt/,https://www.placard.pt/
https://www.nordicbet.com/maintenance-pages/default/country-blocked.html,https://www.nordicbet.com/maintenance-pages/default/country-blocked.html
https://teams.live.com/dl/launcher/launcher.html?url=%2F_%23%2Fl%2Finvite%2FFEA806GZeqJYSGZpxc%3Fv%3Dg1&type=invite&deeplinkId=181dc50b-86a8-4841-8ff8-30adf1062b87&directDl=true&msLaunch=true&enableMobilePage=true,https://teams.live.com/dl/launcher/launcher.html?url=%2F_%23%2Fl%2Finvite%2FFEA806GZeqJYSGZpxc%3Fv%3Dg1&type=invite&deeplinkId=181dc50b-86a8-4841-8ff8-30adf1062b87&directDl=true&msLaunch=true&enableMobilePage=true
https://altaris.bet/,https://altaris.bet/
https://gladiatorsbet35.com/,https://gladiatorsbet35.com/
https://lastchanceslots.io/,https://lastchanceslots.io/
https://www.sultanbet.com/sul-unsupported-countries-page,https://www.sultanbet.com/sul-unsupported-countries-page
https://jackpotter.com/hi,https://jackpotter.com/hi
https://duckdice.io/,https://duckdice.io/
https://www.hypercasino.com/en/index,https://www.hypercasino.com/en/index
https://taikaspins.com/,https://taikaspins.com/
https://polestarcasino.com/,https://polestarcasino.com/
https://rcasino45.com/,https://rcasino45.com/
https://wonclub.com/,https://wonclub.com/
https://www.india12.com/en,https://www.india12.com/en
https://casinoist.com/,https://casinoist.com/
https://betizy.io/,https://betizy.io/
https://luckykoala.com/,https://luckykoala.com/
https://monoplay.com/,https://monoplay.com/
https://turbosven45.com/,https://turbosven45.com/
https://reelraven45.io/,https://reelraven45.io/
https://dream.bet/sports,https://dream.bet/sports
https://www.q88bets.com/,https://www.q88bets.com/
https://www.partypoker.com/en/poker,https://www.partypoker.com/en/poker
https://www.northstarbets.com/,https://www.northstarbets.com/
https://supabet.com/en/,https://supabet.com/en/
https://sgcasino.com/en/,https://sgcasino.com/en/
https://novbet.com/,https://novbet.com/
https://rtbet.com/en/,https://rtbet.com/en/
https://jasminslots66.com/,https://jasminslots66.com/
https://thevault.ag/,https://thevault.ag/
https://www.gamebookers.com/en/sports,https://www.gamebookers.com/en/sports
https://www.betsmith.com/maintenance-pages/default/country-blocked.html,https://www.betsmith.com/maintenance-pages/default/country-blocked.html
https://malinacasino.com/en/,https://malinacasino.com/en/
https://betico.io/,https://betico.io/
https://sbethub4357.com/en,https://sbethub4357.com/en
https://luckybet.lv/lv,https://luckybet.lv/lv
https://bassbet.com/en/,https://bassbet.com/en/
https://powbet.com/en/,https://powbet.com/en/
https://sven-play.com/,https://sven-play.com/
https://bizbet.io/en,https://bizbet.io/en
https://frenzino.io/,https://frenzino.io/
https://www.mozzart.com/en,https://www.mozzart.com/en
https://www.winbitcasino.com/,https://www.winbitcasino.com/
https://www.mrben.com/,https://www.mrben.com/
https://banglabet88bd123.com/,https://banglabet88bd123.com/
https://www.dmca.com/Protection/Status.aspx?ID=d93d3a79-7b95-4bdb-953b-97ed4962794e&refurl=https%3A%2F%2Flistofallbookmakers.com%2F,https://www.dmca.com/Protection/Status.aspx?ID=d93d3a79-7b95-4bdb-953b-97ed4962794e&refurl=https%3A%2F%2Flistofallbookmakers.com%2F
https://duelbet.com/en,https://duelbet.com/en
https://tennisi.pro/,https://tennisi.pro/
https://wingaga.com/,https://wingaga.com/
https://billybets.com/en/,https://billybets.com/en/
https://peakbet.io/,https://peakbet.io/
https://www.hilarionbet533.com/,https://www.hilarionbet533.com/
https://piratepots45.io/,https://piratepots45.io/
https://m.bhggold.com/?fwd=true#en/home,https://m.bhggold.com/?fwd=true#en/home
https://lunabet.com/main/,https://lunabet.com/main/
https://bm.bet/,https://bm.bet/
https://bzeebet.com/,https://bzeebet.com/
https://lvbet.com/casino/,https://lvbet.com/casino/
https://spinbookie.io/,https://spinbookie.io/
https://timebet.com/,https://timebet.com/
https://www.arcticcasino.com/inen-IN,https://www.arcticcasino.com/inen-IN
https://www.sportingbet.com/en/sports,https://www.sportingbet.com/en/sports
https://www.cwinz.com/en/,https://www.cwinz.com/en/
https://wageon.io/,https://wageon.io/
https://kingmaker.com/en/,https://kingmaker.com/en/
https://spinplatinum.com/,https://spinplatinum.com/
https://interbet.com/,https://interbet.com/
https://betrixcasino.io/,https://betrixcasino.io/
https://fieryplay.com/en,https://fieryplay.com/en
https://www.myriadplay.com/,https://www.myriadplay.com/
https://olympusbet.com/,https://olympusbet.com/
https://betongame-4937.top/en,https://betongame-4937.top/en
https://www.heyspin.com/,https://www.heyspin.com/
https://spybet.com/,https://spybet.com/
https://stonevegas.com/,https://stonevegas.com/
https://www.yokocasino.com/,https://www.yokocasino.com/
https://kheli.bet/,https://kheli.bet/
https://www.55bet.com/en-UN,https://www.55bet.com/en-UN
https://crazybet.com/,https://crazybet.com/
https://tikalcasino.com/casino/en/,https://tikalcasino.com/casino/en/
https://www.cashwin.com/,https://www.cashwin.com/
https://lil.bet/en,https://lil.bet/en
https://www.betsolid.com/maintenance-pages/default/country-blocked.html,https://www.betsolid.com/maintenance-pages/default/country-blocked.html
https://baloo.bet/,https://baloo.bet/
https://www.winsly.com/,https://www.winsly.com/
https://evobet365.com/,https://evobet365.com/
https://betplays.com/en,https://betplays.com/en
https://likes.bet/,https://likes.bet/
https://www.30bet.com/en-UN,https://www.30bet.com/en-UN
https://www.bahislion.com/,https://www.bahislion.com/
https://www.solverde.pt/,https://www.solverde.pt/
https://21.red/,https://21.red/
https://www.80bet.com/,https://www.80bet.com/
https://no.lilibet27.com/,https://no.lilibet27.com/
https://casabet.io/,https://casabet.io/
https://betss.com/,https://betss.com/
https://betpay24.com/en/block,https://betpay24.com/en/block
https://elonsport.com/casino/,https://elonsport.com/casino/
https://www.letslucky.com/en-CA/entry,https://www.letslucky.com/en-CA/entry
https://kavbet.com/,https://kavbet.com/
https://olymp.casino/,https://olymp.casino/
https://sombrerospins.io/,https://sombrerospins.io/
https://treasurespins58.com/,https://treasurespins58.com/
https://tomi30.com/en/home,https://tomi30.com/en/home
https://spintexas70.com/,https://spintexas70.com/
https://www.brawlbits.com/,https://www.brawlbits.com/
https://spinnycasino.com/,https://spinnycasino.com/
https://blockdag.com/,https://blockdag.com/
https://betpari.com/en,https://betpari.com/en
https://www.maksibet.com/,https://www.maksibet.com/
https://vulkanvegas.com/en,https://vulkanvegas.com/en
https://m.bgogold.com/?fwd=true#de/home,https://m.bgogold.com/?fwd=true#de/home
https://luckygans.com/,https://luckygans.com/
https://kaleocasino16.com/,https://kaleocasino16.com/
https://citinow.co/,https://citinow.co/
https://betsamigo.com/,https://betsamigo.com/
https://zizobet.com/,https://zizobet.com/
https://luckleopard83.io/,https://luckleopard83.io/
https://ronybets.com/en/home,https://ronybets.com/en/home
https://supacasi.io/,https://supacasi.io/
https://luckytrunk.io/,https://luckytrunk.io/
https://jacktop.com/,https://jacktop.com/
https://www.mrluck.com/,https://www.mrluck.com/
https://legiano.com/en/,https://legiano.com/en/
https://www.lugarbet1.com/,https://www.lugarbet1.com/
https://bookofcasino.net/,https://bookofcasino.net/
https://www.betovo.com/,https://www.betovo.com/
https://www.slotowl.com/,https://www.slotowl.com/
https://pinup-play.com/,https://pinup-play.com/
https://lunubet.com/,https://lunubet.com/
https://topspins88.io/en,https://topspins88.io/en
https://campeonbet.io/,https://campeonbet.io/
https://www.betfusion.com/,https://www.betfusion.com/
https://wizebets.com/,https://wizebets.com/
https://onyxbet.com/en,https://onyxbet.com/en
https://thunderpick.io/,https://thunderpick.io/
https://bankonbet.com/en/,https://bankonbet.com/en/
https://coldbet.com/en,https://coldbet.com/en
https://www.betsafe.com/maintenance-pages/default/country-blocked.html,https://www.betsafe.com/maintenance-pages/default/country-blocked.html
https://fano.bet/,https://fano.bet/
https://yonibet.fm/,https://yonibet.fm/
https://casinowinbig.com/,https://casinowinbig.com/
https://www.savibet.com/,https://www.savibet.com/
https://www.blockbet.gg/en,https://www.blockbet.gg/en
https://www.betsio.com/,https://www.betsio.com/
https://vivatbet.ee/en/block,https://vivatbet.ee/en/block
https://www.mrgreen.com/regulation/restricted/,https://www.mrgreen.com/regulation/restricted/
https://www.placebet.co.uk/,https://www.placebet.co.uk/
https://www.24casino.com/,https://www.24casino.com/
https://www.partycasino.com/en/games,https://www.partycasino.com/en/games
https://www.xprobet.com/blocked.html,https://www.xprobet.com/blocked.html
https://www.goldenpark.pt/,https://www.goldenpark.pt/
https://24slots.com/online-casino,https://24slots.com/online-casino
https://betjam.com/en,https://betjam.com/en
https://m.bahigo.com/#en/home,https://m.bahigo.com/#en/home
https://batery-bets.com/?affijet-click=u878f3d613f0c498ab23d3b02a0e55a24&deepLink=%7B%22alias%22%3A%22start_auth_process%22%2C%22promoAlias%22%3A%22nhl-season25-26%22%7D&partner_id=21412&utm_medium=affiliate&sub_2=%7Brd%7D,https://batery-bets.com/?affijet-click=u878f3d613f0c498ab23d3b02a0e55a24&deepLink=%7B%22alias%22%3A%22start_auth_process%22%2C%22promoAlias%22%3A%22nhl-season25-26%22%7D&partner_id=21412&utm_medium=affiliate&sub_2=%7Brd%7D
https://www.gatobet.com/,https://www.gatobet.com/
https://xparibet.com/en,https://xparibet.com/en
https://lama.playtraff.com/,https://lama.playtraff.com/
https://betstro.com/,https://betstro.com/
https://casinoandyou.com/,https://casinoandyou.com/
https://beatbet.com/en/block,https://beatbet.com/en/block
https://www.nobonuscasino.com/en/index,https://www.nobonuscasino.com/en/index
https://sports.tipico.com/%5D,https://sports.tipico.com/%5D
https://rizzio.io/,https://rizzio.io/
https://jawhara.bet/,https://jawhara.bet/
https://dragobet.com/,https://dragobet.com/
https://sport.joker.lv/,https://sport.joker.lv/
https://spinoli.com/,https://spinoli.com/
https://newkingcasino.io/,https://newkingcasino.io/
https://playfina.com/en/,https://playfina.com/en/
https://casinoinfinity.com/,https://casinoinfinity.com/
https://winerzz4.com/,https://winerzz4.com/
https://www.aryanbet.com/blocked.html,https://www.aryanbet.com/blocked.html
https://zuno.bet/,https://zuno.bet/
https://www.casinomega.com/mega-unsupported-countries-page,https://www.casinomega.com/mega-unsupported-countries-page
https://sportempire.com/sports,https://sportempire.com/sports
https://www.mrrun.com/,https://www.mrrun.com/
https://foggybet.com/,https://foggybet.com/
https://quickwin.com/en/,https://quickwin.com/en/
https://vegasino.com/en/,https://vegasino.com/en/
https://naobet.com/en/,https://naobet.com/en/
https://jettbet.com/en,https://jettbet.com/en
https://www.zotabet.com/,https://www.zotabet.com/
https://yugibet.com/,https://yugibet.com/
https://spinrollz.com/,https://spinrollz.com/
https://felicebet.com/,https://felicebet.com/
https://welcome10bet.com/restricted_note_br/index.html,https://welcome10bet.com/restricted_note_br/index.html
https://www.kbo.bet/,https://www.kbo.bet/
https://dicey.com/casino,https://dicey.com/casino
https://betalright.com/en/,https://betalright.com/en/
https://wettson7.com/,https://wettson7.com/
https://betmorph.com/,https://betmorph.com/
https://www.jitabet.cloud/,https://www.jitabet.cloud/
https://slotuna.com/,https://slotuna.com/
https://greenluck.com/,https://greenluck.com/
https://www.stakeboss.com/en,https://www.stakeboss.com/en
https://ultrapari-928741.top/en,https://ultrapari-928741.top/en
https://www.betsteve.com/,https://www.betsteve.com/
https://aladins.lv/,https://aladins.lv/
https://mr.bet/,https://mr.bet/
https://www.bets.io/,https://www.bets.io/
https://melbet.com/en,https://melbet.com/en
https://www.playwins.com/,https://www.playwins.com/
https://trapcasino.bet/,https://trapcasino.bet/
https://www.betwiz.co/,https://www.betwiz.co/
https://tonybet.com/en,https://tonybet.com/en
https://olybet.com/,https://olybet.com/
https://www.arcticbet.com/maintenance-pages/default/country-blocked.html,https://www.arcticbet.com/maintenance-pages/default/country-blocked.html
https://festivalplay.com/,https://festivalplay.com/
https://sportuna.com/,https://sportuna.com/
https://bonusbet.com/,https://bonusbet.com/
https://looniegold.com/,https://looniegold.com/
https://nalucasino.io/,https://nalucasino.io/
https://fezbet.com/en/,https://fezbet.com/en/
https://www.genybet.fr/,https://www.genybet.fr/
https://allyspin.com/en/,https://allyspin.com/en/
https://www.jeffbet.com/,https://www.jeffbet.com/
https://ohmyzino.com/,https://ohmyzino.com/
https://www.casinocasino.com/en/index,https://www.casinocasino.com/en/index
https://www.betdukes.com/,https://www.betdukes.com/
https://nakitbahis.com/,https://nakitbahis.com/
https://jabibet.com/casino/,https://jabibet.com/casino/
https://kingbetting.com/,https://kingbetting.com/
https://playfastcasino12.com/,https://playfastcasino12.com/
https://www.huhubet878.com/,https://www.huhubet878.com/
https://emberbet83.io/,https://emberbet83.io/
https://jeevybet.com/,https://jeevybet.com/
https://spinalto.com/,https://spinalto.com/
https://blindluck.io/,https://blindluck.io/
https://n1bet.com/,https://n1bet.com/
https://booty.bet/sport,https://booty.bet/sport
https://www.betscreamer.com/,https://www.betscreamer.com/
https://www.betarno.com/,https://www.betarno.com/
https://chesnok.bet/,https://chesnok.bet/
https://tiktakbet.com/,https://tiktakbet.com/
https://akibawin.io/,https://akibawin.io/
https://www.pumabet.com/en/,https://www.pumabet.com/en/
https://casinocharles.io/,https://casinocharles.io/
https://www.betibet.com/blocked?countryName=IN,https://www.betibet.com/blocked?countryName=IN
https://casinoloots.com/,https://casinoloots.com/
https://casinia.com/en/,https://casinia.com/en/
https://betriot.com/en/,https://betriot.com/en/
https://m.wettigopay.com/?fwd=true#de/home,https://m.wettigopay.com/?fwd=true#de/home
https://vamoplay.com/,https://vamoplay.com/
https://m.kakeyo.com/?fwd=true#en/home,https://m.kakeyo.com/?fwd=true#en/home
https://immerion4.com/,https://immerion4.com/
https://www.clutch.app/,https://www.clutch.app/
https://m.bahibi.com/?fwd=true#en/home,https://m.bahibi.com/?fwd=true#en/home
https://jb.com/,https://jb.com/
https://mavibet.com/,https://mavibet.com/
https://fiestaslots45.com/,https://fiestaslots45.com/
https://beonbet.com/,https://beonbet.com/
https://palmslots.com/,https://palmslots.com/
https://www.luckcity.com/,https://www.luckcity.com/
https://finalcountdown.io/,https://finalcountdown.io/
https://winwin-80213.pro/en,https://winwin-80213.pro/en
https://www.sweatbet.io/,https://www.sweatbet.io/
https://scibet.io/,https://scibet.io/
https://www.racecasino.com/en/index,https://www.racecasino.com/en/index
https://spinanga.com/en/,https://spinanga.com/en/
https://turboslot.com/,https://turboslot.com/
https://www.stbet.com/,https://www.stbet.com/
https://trinocasino.com/,https://trinocasino.com/
https://sonsofslots.com/,https://sonsofslots.com/
http://betadonis.com/,http://betadonis.com/
https://nomini.com/en/,https://nomini.com/en/
https://www.vegazcasino.com/,https://www.vegazcasino.com/
https://www.superbahis.com/,https://www.superbahis.com/
https://cashed.com/en/,https://cashed.com/en/
https://zuluspins34.com/,https://zuluspins34.com/
https://21bets.io/,https://21bets.io/
https://vicibet.com/,https://vicibet.com/
https://www.joyjili.com/,https://www.joyjili.com/
https://www.imperia.bet/,https://www.imperia.bet/
https://www.reloadbet85.com/en-gb/sportsbook,https://www.reloadbet85.com/en-gb/sportsbook
https://www.21luckybet.com/,https://www.21luckybet.com/
https://dealbet.io/,https://dealbet.io/
https://myez8.com/en-my,https://myez8.com/en-my
https://kira222.com/en/home,https://kira222.com/en/home
https://wallacebet.com/,https://wallacebet.com/
https://lolocasino.com/,https://lolocasino.com/
https://andromedasino83.com/,https://andromedasino83.com/
https://www.optimbet8.com/sportsbook,https://www.optimbet8.com/sportsbook
https://win.casino/,https://win.casino/
https://win.bet/,https://win.bet/
