Source_Website,Raw_Affiliate_Link,Final_Gambling_Website
https://listofallbookmakers.com/bookmaker-licenses-list,https://boomerang-bet.com/en/,https://boomerang-bet.com/en/
https://listofallbookmakers.com/bookmaker-licenses-list,https://hitnspin.com/,https://hitnspin.com/en
https://listofallbookmakers.com/bookmaker-licenses-list,https://casinomaxim.com/,https://casinomaxim.com/
https://listofallbookmakers.com/bookmaker-licenses-list,https://casinova.com/en/,https://casinova.com/en/
https://listofallbookmakers.com/bookmaker-licenses-list,https://ybets.net/,https://ybets.net/
https://listofallbookmakers.com/bookmaker-licenses-list,https://bhg120.com/,https://m.bahigo.com/?fwd=true#en/home
https://listofallbookmakers.com/bookmaker-licenses-list,https://fswin.com/,https://fswin.com/casino/
https://listofallbookmakers.com/bookmaker-licenses-list,https://icecasino.com/,https://icecasino.com/en
https://listofallbookmakers.com/bookmaker-licenses-list,https://royalistplay.com/sports,https://royalistplay.com/sports
https://listofallbookmakers.com/bookmaker-licenses-list,https://sportcenterbetting.com/,https://sportcenterbetting.com/sports
https://listofallbookmakers.com/bookmaker-licenses-list,https://www.ne-bet.com/,https://www.ne-bet.com/
https://listofallbookmakers.com/bookmaker-licenses-list,https://www.fenixbet.ee/,https://www.fenixbet.ee/
https://listofallbookmakers.com/bookmaker-licenses-list,https://www.vemabet.com/,https://www.vemabet.com/
https://listofallbookmakers.com/bookmaker-licenses-list,https://wepari.com/,https://wepari-1752.pro/en
https://listofallbookmakers.com/bookmaker-licenses-list,https://www.mondcasino.com/,https://www.mondcasino.com/
https://listofallbookmakers.com/bookmaker-licenses-list,https://wgo247.com/,https://m.wgo247.com/?fwd=true#de/home
https://listofallbookmakers.com/bookmaker-licenses-list,https://www.betcris.com/,https://www.betcris.com/
https://listofallbookmakers.com/bookmaker-licenses-list,https://silverplay.com/,https://silverplay.com/
https://listofallbookmakers.com/bookmaker-licenses-list,https://goldenplay.com/,https://goldenplay.com/
https://listofallbookmakers.com/bookmaker-licenses-list,https://247bgo.com/,https://m.247bgo.com/?fwd=true#en/home
https://listofallbookmakers.com/bookmaker-licenses-list,https://amunra.com/en/,https://amunra.com/en/
https://listofallbookmakers.com/bookmaker-licenses-list,https://betandreas.com/,https://betandreas.com/
https://listofallbookmakers.com/bookmaker-licenses-list,https://chipstars.bet/,https://chipstars.bet/en
https://listofallbookmakers.com/bookmaker-licenses-list,https://pribet.com/,https://pribet.com/
https://listofallbookmakers.com/bookmaker-licenses-list,https://nitrobetcasino.com/,https://nitrobetcasino.com/
https://listofallbookmakers.com/bookmaker-licenses-list,https://spelet.lv/en,https://spelet.lv/en
https://listofallbookmakers.com/bookmaker-licenses-list,https://bet16.com/,https://www.bet16.com/
https://listofallbookmakers.com/bookmaker-licenses-list,https://nordscasino.com/,https://nordscasino.com/
https://listofallbookmakers.com/bookmaker-licenses-list,https://www.mundoapostas.com/,https://www.mundoapostas42.com/sportsbook#/overview
https://listofallbookmakers.com/bookmaker-licenses-list,https://wikiluck.com/,https://wikiluck.com/
https://listofallbookmakers.com/bookmaker-licenses-list,https://rcasino.com/,https://rcasino45.com/
https://listofallbookmakers.com/bookmaker-licenses-list,https://5bet.com/,https://5bet.com/en
https://listofallbookmakers.com/bookmaker-licenses-list,https://lastchanceslots.io/,https://lastchanceslots.io/
https://listofallbookmakers.com/bookmaker-licenses-list,https://fairpari.com/,https://fairpari.com/en
https://listofallbookmakers.com/bookmaker-licenses-list,https://chfr.wettigo.com/,https://chfr.wettigo.com/
https://listofallbookmakers.com/bookmaker-licenses-list,https://spininio.com/,https://spininio.com/
https://listofallbookmakers.com/bookmaker-licenses-list,https://betoranje.com/,https://betoranje.com/en
https://listofallbookmakers.com/bookmaker-licenses-list,https://kikobet.com/,https://www.kikobet23.com/en-gb/sportsbook
https://listofallbookmakers.com/bookmaker-licenses-list,https://slottojam.com/,https://slottojam23.com/en-gb/sportsbook
https://listofallbookmakers.com/bookmaker-licenses-list,https://www.yeticasino.com/en/index,https://www.yeticasino.com/en/index
https://listofallbookmakers.com/bookmaker-licenses-list,https://rocketbet.com/,https://rocketbet.com/
https://listofallbookmakers.com/bookmaker-licenses-list,https://kazandra.com/,https://kazandra.com/
https://listofallbookmakers.com/bookmaker-licenses-list,https://duckdice.io/,https://duckdice.io/
https://listofallbookmakers.com/bookmaker-licenses-list,https://www.circusbet.fr/,https://www.circusbet.fr/
https://listofallbookmakers.com/bookmaker-licenses-list,https://flush.com/,https://flush.com/
https://listofallbookmakers.com/bookmaker-licenses-list,https://evobet.com/,https://evobet365.com/
https://listofallbookmakers.com/bookmaker-licenses-list,https://teams.live.com/l/invite/FEA806GZeqJYSGZpxc?v=g1,https://teams.live.com/dl/launcher/launcher.html?url=%2F_%23%2Fl%2Finvite%2FFEA806GZeqJYSGZpxc%3Fv%3Dg1&type=invite&deeplinkId=181dc50b-86a8-4841-8ff8-30adf1062b87&directDl=true&msLaunch=true&enableMobilePage=true
https://listofallbookmakers.com/bookmaker-licenses-list,https://gladiatorsbet.com/,https://gladiatorsbet35.com/
https://listofallbookmakers.com/bookmaker-licenses-list,https://www.nordicbet.com/,https://www.nordicbet.com/maintenance-pages/default/country-blocked.html
https://listofallbookmakers.com/bookmaker-licenses-list,https://www.placard.pt/,https://www.placard.pt/
https://listofallbookmakers.com/bookmaker-licenses-list,https://altaris.bet/,https://altaris.bet/
https://listofallbookmakers.com/bookmaker-licenses-list,http://www.12bet.com/,https://www.india12.com/en
https://listofallbookmakers.com/bookmaker-licenses-list,https://wonclub.com/,https://wonclub.com/
https://listofallbookmakers.com/bookmaker-licenses-list,https://polestarcasino.com/,https://polestarcasino.com/
https://listofallbookmakers.com/bookmaker-licenses-list,https://www.northstarbets.com/,https://www.northstarbets.com/
https://listofallbookmakers.com/bookmaker-licenses-list,https://www.partypoker.com/,https://www.partypoker.com/en/poker
https://listofallbookmakers.com/bookmaker-licenses-list,https://luckykoala.com/,https://luckykoala.com/
https://listofallbookmakers.com/bookmaker-licenses-list,https://monoplay.com/,https://monoplay.com/
https://listofallbookmakers.com/bookmaker-licenses-list,https://dream.bet/,https://dream.bet/sports
https://listofallbookmakers.com/bookmaker-licenses-list,https://supabet.com/en/,https://supabet.com/en/
https://listofallbookmakers.com/bookmaker-licenses-list,https://sgcasino.com/en/,https://sgcasino.com/en/
https://listofallbookmakers.com/bookmaker-licenses-list,https://www.gamebookers.com/,https://www.gamebookers.com/en/sports
https://listofallbookmakers.com/bookmaker-licenses-list,https://www.q88bets.com/,https://www.q88bets.com/
https://listofallbookmakers.com/bookmaker-licenses-list,https://thevault.ag/,https://thevault.ag/
https://listofallbookmakers.com/bookmaker-licenses-list,https://rtbet.com/en/,https://rtbet.com/en/
https://listofallbookmakers.com/bookmaker-licenses-list,https://novbet.com/,https://novbet.com/
https://listofallbookmakers.com/bookmaker-licenses-list,https://turbosven.com/,https://turbosven45.com/
https://listofallbookmakers.com/bookmaker-licenses-list,https://taikaspins.com/,https://taikaspins.com/
https://listofallbookmakers.com/bookmaker-licenses-list,https://www.hypercasino.com/en/index,https://www.hypercasino.com/en/index
https://listofallbookmakers.com/bookmaker-licenses-list,https://reelraven.io/,https://reelraven45.io/
https://listofallbookmakers.com/bookmaker-licenses-list,https://jackpotter.com/,https://jackpotter.com/hi
https://listofallbookmakers.com/bookmaker-licenses-list,https://betico.io/,https://betico.io/
https://listofallbookmakers.com/bookmaker-licenses-list,https://malinacasino.com/en/,https://malinacasino.com/en/
https://listofallbookmakers.com/bookmaker-licenses-list,https://powbet.com/en/,https://powbet.com/en/
https://listofallbookmakers.com/bookmaker-licenses-list,http://letslucky.com/,https://www.letslucky.com/en-CA/entry
https://listofallbookmakers.com/bookmaker-licenses-list,https://www.betsmith.com/en,https://www.betsmith.com/maintenance-pages/default/country-blocked.html
https://listofallbookmakers.com/bookmaker-licenses-list,https://bassbet.com/en/,https://bassbet.com/en/
https://listofallbookmakers.com/bookmaker-licenses-list,https://luckybet.lv/,https://luckybet.lv/lv
https://listofallbookmakers.com/bookmaker-licenses-list,https://sven-play.com/,https://sven-play.com/
https://listofallbookmakers.com/bookmaker-licenses-list,https://www.mozzart.com/,https://www.mozzart.com/en
https://listofallbookmakers.com/bookmaker-licenses-list,https://sapphirebet.com/en,https://sbethub4357.com/en
https://listofallbookmakers.com/bookmaker-licenses-list,http://www.sultanbet.com/,https://www.sultanbet.com/sul-unsupported-countries-page
https://listofallbookmakers.com/bookmaker-licenses-list,https://tennisi.pro/,https://tennisi.pro/
https://listofallbookmakers.com/bookmaker-licenses-list,https://betizy.io/,https://betizy.io/
https://listofallbookmakers.com/bookmaker-licenses-list,http://wingaga.com/,https://wingaga.com/
https://listofallbookmakers.com/bookmaker-licenses-list,https://peakbet.io/,https://peakbet.io/
https://listofallbookmakers.com/bookmaker-licenses-list,https://billybets.com/en/,https://billybets.com/en/
https://listofallbookmakers.com/bookmaker-licenses-list,https://www.winbitcasino.com/,https://www.winbitcasino.com/
https://listofallbookmakers.com/bookmaker-licenses-list,https://duelbet.com/,https://duelbet.com/en
https://listofallbookmakers.com/bookmaker-licenses-list,https://www.mrben.com/,https://www.mrben.com/
https://listofallbookmakers.com/bookmaker-licenses-list,https://www.dmca.com/Protection/Status.aspx?ID=d93d3a79-7b95-4bdb-953b-97ed4962794e&refurl=https%3A%2F%2Flistofallbookmakers.com%2F,https://www.dmca.com/Protection/Status.aspx?ID=d93d3a79-7b95-4bdb-953b-97ed4962794e&refurl=https%3A%2F%2Flistofallbookmakers.com%2F
https://listofallbookmakers.com/bookmaker-licenses-list,https://hilarionbet.com/,https://www.hilarionbet533.com/
https://listofallbookmakers.com/bookmaker-licenses-list,https://lvbet.com/,https://lvbet.com/casino/
https://listofallbookmakers.com/bookmaker-licenses-list,https://bhggold.com/,https://m.bhggold.com/?fwd=true#en/home
https://listofallbookmakers.com/bookmaker-licenses-list,https://piratepots.io/,https://piratepots45.io/
https://listofallbookmakers.com/bookmaker-licenses-list,https://bizbet.io/en,https://bizbet.io/en
https://listofallbookmakers.com/bookmaker-licenses-list,https://jasminslots.com/,https://jasminslots66.com/
https://listofallbookmakers.com/bookmaker-licenses-list,https://www.bzeebet.com/,https://bzeebet.com/
https://listofallbookmakers.com/bookmaker-licenses-list,https://lunabet.com/,https://lunabet.com/main/
https://listofallbookmakers.com/bookmaker-licenses-list,https://frenzino.io/,https://frenzino.io/
https://listofallbookmakers.com/bookmaker-licenses-list,https://banglabet88.com/,https://banglabet88bd123.com/
https://listofallbookmakers.com/bookmaker-licenses-list,https://spinbookie.io/,https://spinbookie.io/
https://listofallbookmakers.com/bookmaker-licenses-list,https://betrixcasino.io/,https://betrixcasino.io/
https://listofallbookmakers.com/bookmaker-licenses-list,https://www.sportingbet.com/,https://www.sportingbet.com/en/sports
https://listofallbookmakers.com/bookmaker-licenses-list,https://www.cwinz.com/,https://www.cwinz.com/en/
https://listofallbookmakers.com/bookmaker-licenses-list,https://bm.bet/,https://bm.bet/
https://listofallbookmakers.com/bookmaker-licenses-list,https://fieryplay.com/,https://fieryplay.com/en
https://listofallbookmakers.com/bookmaker-licenses-list,https://spinplatinum.com/,https://spinplatinum.com/
https://listofallbookmakers.com/bookmaker-licenses-list,https://wageon.io/,https://wageon.io/
https://listofallbookmakers.com/bookmaker-licenses-list,https://kingmaker.com/en/,https://kingmaker.com/en/
https://listofallbookmakers.com/bookmaker-licenses-list,http://www.arcticcasino.com/,https://www.arcticcasino.com/inen-IN
https://listofallbookmakers.com/bookmaker-licenses-list,http://www.cashwin.com/,https://www.cashwin.com/
https://listofallbookmakers.com/bookmaker-licenses-list,https://olympusbet.com/,https://olympusbet.com/
https://listofallbookmakers.com/bookmaker-licenses-list,https://spybet.com/,https://spybet.com/
https://listofallbookmakers.com/bookmaker-licenses-list,https://kheli.bet/,https://kheli.bet/
https://listofallbookmakers.com/bookmaker-licenses-list,https://www.interbet.com/,https://interbet.com/
https://listofallbookmakers.com/bookmaker-licenses-list,https://betongame.com/,https://betongame-4937.top/en
https://listofallbookmakers.com/bookmaker-licenses-list,https://www.55bet.com/en-UN,https://www.55bet.com/en-UN
https://listofallbookmakers.com/bookmaker-licenses-list,https://www.yokocasino.com/,https://www.yokocasino.com/
https://listofallbookmakers.com/bookmaker-licenses-list,http://stonevegas.com/,https://stonevegas.com/
https://listofallbookmakers.com/bookmaker-licenses-list,https://tikalcasino.com/,https://tikalcasino.com/casino/en/
https://listofallbookmakers.com/bookmaker-licenses-list,https://crazybet.com/,https://crazybet.com/
https://listofallbookmakers.com/bookmaker-licenses-list,https://baloo.bet/,https://baloo.bet/
https://listofallbookmakers.com/bookmaker-licenses-list,https://timebet.com/,https://timebet.com/
https://listofallbookmakers.com/bookmaker-licenses-list,https://casinoist.com/,https://casinoist.com/
https://listofallbookmakers.com/bookmaker-licenses-list,https://lil.bet/,https://lil.bet/en
https://listofallbookmakers.com/bookmaker-licenses-list,https://likes.bet/,https://likes.bet/
https://listofallbookmakers.com/bookmaker-licenses-list,http://betplays.com/,https://betplays.com/en
https://listofallbookmakers.com/bookmaker-licenses-list,https://www.30bet.com/en-UN,https://www.30bet.com/en-UN
https://listofallbookmakers.com/bookmaker-licenses-list,https://www.myriadplay.com/,https://www.myriadplay.com/
https://listofallbookmakers.com/bookmaker-licenses-list,https://80bet.com/,https://www.80bet.com/
https://listofallbookmakers.com/bookmaker-licenses-list,https://www.betsolid.com/en,https://www.betsolid.com/maintenance-pages/default/country-blocked.html
https://listofallbookmakers.com/bookmaker-licenses-list,https://www.heyspin.com/,https://www.heyspin.com/
https://listofallbookmakers.com/bookmaker-licenses-list,https://www.winsly.com/,https://www.winsly.com/
https://listofallbookmakers.com/bookmaker-licenses-list,https://21.red/,https://21.red/
https://listofallbookmakers.com/bookmaker-licenses-list,https://tomi.club/,https://tomi30.com/en/home
https://listofallbookmakers.com/bookmaker-licenses-list,https://www.solverde.pt/,https://www.solverde.pt/
https://listofallbookmakers.com/bookmaker-licenses-list,https://casabet.io/,https://casabet.io/
https://listofallbookmakers.com/bookmaker-licenses-list,https://elonsport.com/,https://elonsport.com/casino/
https://listofallbookmakers.com/bookmaker-licenses-list,http://bahislion.com/,https://www.bahislion.com/
https://listofallbookmakers.com/bookmaker-licenses-list,https://kavbet.com/,https://kavbet.com/
https://listofallbookmakers.com/bookmaker-licenses-list,https://betpay24.com/,https://betpay24.com/en/block
https://listofallbookmakers.com/bookmaker-licenses-list,https://betss.com/,https://betss.com/
https://listofallbookmakers.com/bookmaker-licenses-list,https://lilibet.com/,https://no.lilibet27.com/
https://listofallbookmakers.com/bookmaker-licenses-list,https://olymp.casino/,https://olymp.casino/
https://listofallbookmakers.com/bookmaker-licenses-list,https://vulkanvegas.com/,https://vulkanvegas.com/en
https://listofallbookmakers.com/bookmaker-licenses-list,https://www.brawlbits.com/,https://www.brawlbits.com/
https://listofallbookmakers.com/bookmaker-licenses-list,https://www.24casino.com/,https://www.24casino.com/
https://listofallbookmakers.com/bookmaker-licenses-list,https://www.maksibet.com/,https://www.maksibet.com/
https://listofallbookmakers.com/bookmaker-licenses-list,https://blockdag.com/,https://blockdag.com/
https://listofallbookmakers.com/bookmaker-licenses-list,https://spinnycasino.com/,https://spinnycasino.com/
https://listofallbookmakers.com/bookmaker-licenses-list,https://zizobet.com/,https://zizobet.com/
https://listofallbookmakers.com/bookmaker-licenses-list,https://betpari.com/,https://betpari.com/en
https://listofallbookmakers.com/bookmaker-licenses-list,https://betsamigo.com/,https://betsamigo.com/
https://listofallbookmakers.com/bookmaker-licenses-list,https://spintexas.com/,https://spintexas70.com/
https://listofallbookmakers.com/bookmaker-licenses-list,https://supacasi.io/,https://supacasi.io/
https://listofallbookmakers.com/bookmaker-licenses-list,https://luckleopard.io/,https://luckleopard83.io/
https://listofallbookmakers.com/bookmaker-licenses-list,https://bgogold.com/,https://m.bgogold.com/?fwd=true#de/home
https://listofallbookmakers.com/bookmaker-licenses-list,https://luckygans.com/,https://luckygans.com/
https://listofallbookmakers.com/bookmaker-licenses-list,http://citinow.com/,https://citinow.co/
https://listofallbookmakers.com/bookmaker-licenses-list,https://jacktop.com/,https://jacktop.com/
https://listofallbookmakers.com/bookmaker-licenses-list,https://legiano.com/en/,https://legiano.com/en/
https://listofallbookmakers.com/bookmaker-licenses-list,https://www.slotowl.com/,https://www.slotowl.com/
https://listofallbookmakers.com/bookmaker-licenses-list,https://www.betovo.com/,https://www.betovo.com/
https://listofallbookmakers.com/bookmaker-licenses-list,http://topspins88.io/,https://topspins88.io/en
https://listofallbookmakers.com/bookmaker-licenses-list,https://www.lugarbet.com/,https://www.lugarbet1.com/
https://listofallbookmakers.com/bookmaker-licenses-list,http://www.mrluck.com/,https://www.mrluck.com/
https://listofallbookmakers.com/bookmaker-licenses-list,https://bookofcasino.net/,https://bookofcasino.net/
https://listofallbookmakers.com/bookmaker-licenses-list,https://kaleocasino.com/,https://kaleocasino16.com/
https://listofallbookmakers.com/bookmaker-licenses-list,https://onyxbet.com/,https://onyxbet.com/en
https://listofallbookmakers.com/bookmaker-licenses-list,https://lunubet.com/,https://lunubet.com/
https://listofallbookmakers.com/bookmaker-licenses-list,https://www.betfusion.com/,https://www.betfusion.com/
https://listofallbookmakers.com/bookmaker-licenses-list,https://pinup-play.com/,https://pinup-play.com/
https://listofallbookmakers.com/bookmaker-licenses-list,https://casinowinbig.com/,https://casinowinbig.com/
https://listofallbookmakers.com/bookmaker-licenses-list,http://thunderpick.io/,https://thunderpick.io/
https://listofallbookmakers.com/bookmaker-licenses-list,http://wizebets.com/,https://wizebets.com/
https://listofallbookmakers.com/bookmaker-licenses-list,https://fano.bet/,https://fano.bet/
https://listofallbookmakers.com/bookmaker-licenses-list,https://coldbet.com/,https://coldbet.com/en
https://listofallbookmakers.com/bookmaker-licenses-list,https://bankonbet.com/en/,https://bankonbet.com/en/
https://listofallbookmakers.com/bookmaker-licenses-list,https://www.blockbet.gg/en,https://www.blockbet.gg/en
https://listofallbookmakers.com/bookmaker-licenses-list,https://campeonbet.io/,https://campeonbet.io/
https://listofallbookmakers.com/bookmaker-licenses-list,http://yonibet.com/,https://yonibet.fm/
https://listofallbookmakers.com/bookmaker-licenses-list,http://luckytrunk.io/,https://luckytrunk.io/
https://listofallbookmakers.com/bookmaker-licenses-list,https://www.betsafe.com/,https://www.betsafe.com/maintenance-pages/default/country-blocked.html
https://listofallbookmakers.com/bookmaker-licenses-list,http://betsio.com/,https://www.betsio.com/
https://listofallbookmakers.com/bookmaker-licenses-list,https://www.goldenpark.pt/,https://www.goldenpark.pt/
https://listofallbookmakers.com/bookmaker-licenses-list,https://www.savibet.com/,https://www.savibet.com/
https://listofallbookmakers.com/bookmaker-licenses-list,https://www.partycasino.com/,https://www.partycasino.com/en/games
https://listofallbookmakers.com/bookmaker-licenses-list,https://vivatbet.ee/,https://vivatbet.ee/en/block
https://listofallbookmakers.com/bookmaker-licenses-list,https://www.mrgreen.com/,https://www.mrgreen.com/regulation/restricted/
https://listofallbookmakers.com/bookmaker-licenses-list,https://www.placebet.co.uk/,https://www.placebet.co.uk/
https://listofallbookmakers.com/bookmaker-licenses-list,https://rizzio.io/,https://rizzio.io/
https://listofallbookmakers.com/bookmaker-licenses-list,https://www.xprobet.com/,https://www.xprobet.com/blocked.html
https://listofallbookmakers.com/bookmaker-licenses-list,https://clicks.af-ibbf55.com/click?offer_id=1067&partner_id=21412&landing_id=5928&utm_medium=affiliate,https://batery-bets.com/?affijet-click=u878f3d613f0c498ab23d3b02a0e55a24&deepLink=%7B%22alias%22%3A%22start_auth_process%22%2C%22promoAlias%22%3A%22nhl-season25-26%22%7D&partner_id=21412&utm_medium=affiliate&sub_2=%7Brd%7D
https://listofallbookmakers.com/bookmaker-licenses-list,https://m.bahigo.com/#en/home,https://m.bahigo.com/#en/home
https://listofallbookmakers.com/bookmaker-licenses-list,https://24slots.com/,https://24slots.com/online-casino
https://listofallbookmakers.com/bookmaker-licenses-list,https://betstro.com/,https://betstro.com/
https://listofallbookmakers.com/bookmaker-licenses-list,https://xparibet.com/en,https://xparibet.com/en
https://listofallbookmakers.com/bookmaker-licenses-list,https://www.gatobet.com/,https://www.gatobet.com/
https://listofallbookmakers.com/bookmaker-licenses-list,https://betjam.com/,https://betjam.com/en
https://listofallbookmakers.com/bookmaker-licenses-list,https://casinoandyou.com/,https://casinoandyou.com/
https://listofallbookmakers.com/bookmaker-licenses-list,https://sports.tipico.com/%5D,https://sports.tipico.com/%5D
https://listofallbookmakers.com/bookmaker-licenses-list,https://beatbet.com/en,https://beatbet.com/en/block
https://listofallbookmakers.com/bookmaker-licenses-list,https://sombrerospins.io/,https://sombrerospins.io/
https://listofallbookmakers.com/bookmaker-licenses-list,https://www.nobonuscasino.com/en/index,https://www.nobonuscasino.com/en/index
https://listofallbookmakers.com/bookmaker-licenses-list,http://www.lamabet.com/,https://lama.playtraff.com/
https://listofallbookmakers.com/bookmaker-licenses-list,https://jawhara.bet/,https://jawhara.bet/
https://listofallbookmakers.com/bookmaker-licenses-list,http://playfina.com/,https://playfina.com/en/
https://listofallbookmakers.com/bookmaker-licenses-list,https://spinoli.com/,https://spinoli.com/
https://listofallbookmakers.com/bookmaker-licenses-list,https://dragobet.com/,https://dragobet.com/
https://listofallbookmakers.com/bookmaker-licenses-list,https://sport.joker.lv/,https://sport.joker.lv/
https://listofallbookmakers.com/bookmaker-licenses-list,http://casinoinfinity.com/,https://casinoinfinity.com/
https://listofallbookmakers.com/bookmaker-licenses-list,https://winnerz.com/,https://winerzz4.com/
https://listofallbookmakers.com/bookmaker-licenses-list,https://newkingcasino.io/,https://newkingcasino.io/
https://listofallbookmakers.com/bookmaker-licenses-list,https://www.aryanbet.com/,https://www.aryanbet.com/blocked.html
https://listofallbookmakers.com/bookmaker-licenses-list,https://www.casinomega.com/en/betting,https://www.casinomega.com/mega-unsupported-countries-page
https://listofallbookmakers.com/bookmaker-licenses-list,https://zumo.bet/,https://zuno.bet/
https://listofallbookmakers.com/bookmaker-licenses-list,https://quickwin.com/en/,https://quickwin.com/en/
https://listofallbookmakers.com/bookmaker-licenses-list,https://www.mrrun.com/,https://www.mrrun.com/
https://listofallbookmakers.com/bookmaker-licenses-list,https://vegasino.com/en/,https://vegasino.com/en/
https://listofallbookmakers.com/bookmaker-licenses-list,https://www.zotabet.com/,https://www.zotabet.com/
https://listofallbookmakers.com/bookmaker-licenses-list,https://sportempire.com/sports,https://sportempire.com/sports
https://listofallbookmakers.com/bookmaker-licenses-list,https://naobet.com/en/,https://naobet.com/en/
https://listofallbookmakers.com/bookmaker-licenses-list,https://kbo.bet/,https://www.kbo.bet/
https://listofallbookmakers.com/bookmaker-licenses-list,https://foggybet.com/,https://foggybet.com/
https://listofallbookmakers.com/bookmaker-licenses-list,https://jettbet.com/en,https://jettbet.com/en
https://listofallbookmakers.com/bookmaker-licenses-list,https://felicebet.com/,https://felicebet.com/
https://listofallbookmakers.com/bookmaker-licenses-list,https://spinrollz.com/,https://spinrollz.com/
https://listofallbookmakers.com/bookmaker-licenses-list,https://betalright.com/en/,https://betalright.com/en/
https://listofallbookmakers.com/bookmaker-licenses-list,http://10bet.com/,https://welcome10bet.com/restricted_note_br/index.html
https://listofallbookmakers.com/bookmaker-licenses-list,https://yugibet.com/,https://yugibet.com/
https://listofallbookmakers.com/bookmaker-licenses-list,https://dicey.com/,https://dicey.com/casino
https://listofallbookmakers.com/bookmaker-licenses-list,https://jita.bet/,https://www.jitabet.cloud/
https://listofallbookmakers.com/bookmaker-licenses-list,https://www.betmorph.com/,https://betmorph.com/
https://listofallbookmakers.com/bookmaker-licenses-list,https://wettson.com/,https://wettson7.com/
https://listofallbookmakers.com/bookmaker-licenses-list,https://slotuna.com/,https://slotuna.com/
https://listofallbookmakers.com/bookmaker-licenses-list,https://bonusbet.com/,https://bonusbet.com/
https://listofallbookmakers.com/bookmaker-licenses-list,https://treasurespins.com/,https://treasurespins58.com/
https://listofallbookmakers.com/bookmaker-licenses-list,https://ronybets.com/,https://ronybets.com/en/home
https://listofallbookmakers.com/bookmaker-licenses-list,https://mr.bet/,https://mr.bet/
https://listofallbookmakers.com/bookmaker-licenses-list,http://greenluck.com/,https://greenluck.com/
https://listofallbookmakers.com/bookmaker-licenses-list,https://www.betsteve.com/,https://www.betsteve.com/
https://listofallbookmakers.com/bookmaker-licenses-list,https://www.stakeboss.com/,https://www.stakeboss.com/en
https://listofallbookmakers.com/bookmaker-licenses-list,https://tonybet.com/en,https://tonybet.com/en
https://listofallbookmakers.com/bookmaker-licenses-list,https://aladins.lv/,https://aladins.lv/
https://listofallbookmakers.com/bookmaker-licenses-list,http://bets.io/,https://www.bets.io/
https://listofallbookmakers.com/bookmaker-licenses-list,https://www.playwins.com/,https://www.playwins.com/
https://listofallbookmakers.com/bookmaker-licenses-list,https://betwiz.co/,https://www.betwiz.co/
https://listofallbookmakers.com/bookmaker-licenses-list,https://trapcasino.bet/,https://trapcasino.bet/
https://listofallbookmakers.com/bookmaker-licenses-list,https://looniegold.com/,https://looniegold.com/
https://listofallbookmakers.com/bookmaker-licenses-list,https://sportuna.com/,https://sportuna.com/
https://listofallbookmakers.com/bookmaker-licenses-list,https://www.betdukes.com/,https://www.betdukes.com/
https://listofallbookmakers.com/bookmaker-licenses-list,http://www.arcticbet.com/,https://www.arcticbet.com/maintenance-pages/default/country-blocked.html
https://listofallbookmakers.com/bookmaker-licenses-list,https://ohmyzino.com/,https://ohmyzino.com/
https://listofallbookmakers.com/bookmaker-licenses-list,https://festivalplay.com/,https://festivalplay.com/
https://listofallbookmakers.com/bookmaker-licenses-list,https://melbet.com/en,https://melbet.com/en
https://listofallbookmakers.com/bookmaker-licenses-list,https://olybet.com/,https://olybet.com/
https://listofallbookmakers.com/bookmaker-licenses-list,https://booty.bet/sport,https://booty.bet/sport
https://listofallbookmakers.com/bookmaker-licenses-list,https://fezbet.com/en/,https://fezbet.com/en/
https://listofallbookmakers.com/bookmaker-licenses-list,http://nalucasino.io/,https://nalucasino.io/
https://listofallbookmakers.com/bookmaker-licenses-list,https://blindluck.io/,https://blindluck.io/
https://listofallbookmakers.com/bookmaker-licenses-list,https://www.jeffbet.com/,https://www.jeffbet.com/
https://listofallbookmakers.com/bookmaker-licenses-list,https://allyspin.com/en/,https://allyspin.com/en/
https://listofallbookmakers.com/bookmaker-licenses-list,https://ultrapari.com/,https://ultrapari-928741.top/en
https://listofallbookmakers.com/bookmaker-licenses-list,https://kingbetting.com/,https://kingbetting.com/
https://listofallbookmakers.com/bookmaker-licenses-list,https://www.genybet.fr/,https://www.genybet.fr/
https://listofallbookmakers.com/bookmaker-licenses-list,https://www.casinocasino.com/en/index,https://www.casinocasino.com/en/index
https://listofallbookmakers.com/bookmaker-licenses-list,https://nakitbahis.com/,https://nakitbahis.com/
https://listofallbookmakers.com/bookmaker-licenses-list,https://jabibet.com/,https://jabibet.com/casino/
https://listofallbookmakers.com/bookmaker-licenses-list,https://www.huhubet.com/,https://www.huhubet878.com/
https://listofallbookmakers.com/bookmaker-licenses-list,https://playfastcasino.com/,https://playfastcasino12.com/
https://listofallbookmakers.com/bookmaker-licenses-list,https://spinalto.com/,https://spinalto.com/
https://listofallbookmakers.com/bookmaker-licenses-list,https://n1bet.com/,https://n1bet.com/
https://listofallbookmakers.com/bookmaker-licenses-list,https://jeevybet.com/,https://jeevybet.com/
https://listofallbookmakers.com/bookmaker-licenses-list,https://akibawin.io/,https://akibawin.io/
https://listofallbookmakers.com/bookmaker-licenses-list,https://chesnok.bet/,https://chesnok.bet/
https://listofallbookmakers.com/bookmaker-licenses-list,https://www.betscreamer.com/,https://www.betscreamer.com/
https://listofallbookmakers.com/bookmaker-licenses-list,https://wettigopay.com/,https://m.wettigopay.com/?fwd=true#de/home
https://listofallbookmakers.com/bookmaker-licenses-list,https://emberbet.io/,https://emberbet83.io/
https://listofallbookmakers.com/bookmaker-licenses-list,https://www.betibet.com/,https://www.betibet.com/blocked?countryName=IN
https://listofallbookmakers.com/bookmaker-licenses-list,https://www.pumabet.com/en/,https://www.pumabet.com/en/
https://listofallbookmakers.com/bookmaker-licenses-list,https://casinia.com/en/,https://casinia.com/en/
https://listofallbookmakers.com/bookmaker-licenses-list,https://www.betarno.com/,https://www.betarno.com/
https://listofallbookmakers.com/bookmaker-licenses-list,https://casinocharles.io/,https://casinocharles.io/
https://listofallbookmakers.com/bookmaker-licenses-list,https://mavibet.com/,https://mavibet.com/
https://listofallbookmakers.com/bookmaker-licenses-list,https://vamoplay.com/,https://vamoplay.com/
https://listofallbookmakers.com/bookmaker-licenses-list,https://betriot.com/en/,https://betriot.com/en/
https://listofallbookmakers.com/bookmaker-licenses-list,https://kakeyo.com/,https://m.kakeyo.com/?fwd=true#en/home
https://listofallbookmakers.com/bookmaker-licenses-list,https://www.clutch.app/,https://www.clutch.app/
https://listofallbookmakers.com/bookmaker-licenses-list,http://immerion.com/,https://immerion4.com/
https://listofallbookmakers.com/bookmaker-licenses-list,https://beonbet.com/,https://beonbet.com/
https://listofallbookmakers.com/bookmaker-licenses-list,https://casinoloots.com/,https://casinoloots.com/
https://listofallbookmakers.com/bookmaker-licenses-list,https://zuluspins.com/,https://zuluspins34.com/
https://listofallbookmakers.com/bookmaker-licenses-list,http://jb.com/,https://jb.com/
https://listofallbookmakers.com/bookmaker-licenses-list,https://www.racecasino.com/,https://www.racecasino.com/en/index
https://listofallbookmakers.com/bookmaker-licenses-list,https://finalcountdown.io/,https://finalcountdown.io/
https://listofallbookmakers.com/bookmaker-licenses-list,https://bahibi.com/,https://m.bahibi.com/?fwd=true#en/home
https://listofallbookmakers.com/bookmaker-licenses-list,https://www.luckcity.com/,https://www.luckcity.com/
https://listofallbookmakers.com/bookmaker-licenses-list,https://turboslot.com/,https://turboslot.com/
https://listofallbookmakers.com/bookmaker-licenses-list,https://sonsofslots.com/,https://sonsofslots.com/
https://listofallbookmakers.com/bookmaker-licenses-list,https://www.sweatbet.io/,https://www.sweatbet.io/
https://listofallbookmakers.com/bookmaker-licenses-list,https://tiktakbet.com/,https://tiktakbet.com/
https://listofallbookmakers.com/bookmaker-licenses-list,https://www.stbet.com/,https://www.stbet.com/
https://listofallbookmakers.com/bookmaker-licenses-list,https://ww-bet.com/,https://winwin-80213.pro/en
https://listofallbookmakers.com/bookmaker-licenses-list,https://spinanga.com/en/,https://spinanga.com/en/
https://listofallbookmakers.com/bookmaker-licenses-list,https://dealbet.io/,https://dealbet.io/
https://listofallbookmakers.com/bookmaker-licenses-list,https://21bets.io/,https://21bets.io/
https://listofallbookmakers.com/bookmaker-licenses-list,https://fiestaslots.com/,https://fiestaslots45.com/
https://listofallbookmakers.com/bookmaker-licenses-list,http://betadonis.com/,http://betadonis.com/
https://listofallbookmakers.com/bookmaker-licenses-list,https://www.reloadbet.com/,https://www.reloadbet85.com/en-gb/sportsbook
https://listofallbookmakers.com/bookmaker-licenses-list,https://palmslots.com/,https://palmslots.com/
https://listofallbookmakers.com/bookmaker-licenses-list,http://trinocasino.com/,https://trinocasino.com/
https://listofallbookmakers.com/bookmaker-licenses-list,https://cashed.com/en/,https://cashed.com/en/
https://listofallbookmakers.com/bookmaker-licenses-list,https://nomini.com/en/,https://nomini.com/en/
https://listofallbookmakers.com/bookmaker-licenses-list,https://www.vegazcasino.com/,https://www.vegazcasino.com/
https://listofallbookmakers.com/bookmaker-licenses-list,https://www.imperia.bet/,https://www.imperia.bet/
https://listofallbookmakers.com/bookmaker-licenses-list,https://lolocasino.com/,https://lolocasino.com/
https://listofallbookmakers.com/bookmaker-licenses-list,https://www.superbahis.com/,https://www.superbahis.com/
https://listofallbookmakers.com/bookmaker-licenses-list,https://kirabet.com/,https://kira222.com/en/home
https://listofallbookmakers.com/bookmaker-licenses-list,https://www.joyjili.com/,https://www.joyjili.com/
https://listofallbookmakers.com/bookmaker-licenses-list,https://vicibet.com/,https://vicibet.com/
https://listofallbookmakers.com/bookmaker-licenses-list,https://optimbet8.com/sportsbook,https://www.optimbet8.com/sportsbook
https://listofallbookmakers.com/bookmaker-licenses-list,https://ez8.bet/,https://myez8.com/en-my
https://listofallbookmakers.com/bookmaker-licenses-list,https://wallacebet.com/,https://wallacebet.com/
https://listofallbookmakers.com/bookmaker-licenses-list,https://win.bet/,https://win.bet/
https://listofallbookmakers.com/bookmaker-licenses-list,http://scibet.io/,https://scibet.io/
https://listofallbookmakers.com/bookmaker-licenses-list,https://win.casino/,https://win.casino/
https://listofallbookmakers.com/bookmaker-licenses-list,https://andromedasino.com/,https://andromedasino83.com/
https://listofallbookmakers.com/bookmaker-licenses-list,https://www.21luckybet.com/,https://www.21luckybet.com/
